Fire Start Date,lat,long,State Land Unit Name,Year
10/26/2018,44.20416,-74.22834,Saranac Lake Wild Forest,2018
10/25/2018,40.90923,-72.9458,Rocky Point,2018
10/18/2018,42.74409,-73.89731,Albany Pine Bush,2018
9/18/2018,43.86613,-75.00585,Independence river wild forest,2018
9/15/2018,43.59837,-75.00669,Black River Wildforest,2018
9/13/2018,44.61529,-73.77964,NA,2018
9/8/2018,44.33436,-74.35028,Saranac Lakes Wild Forest,2018
9/8/2018,43.59848,-73.61794,Lake George Wild Forest,2018
9/7/2018,44.22822,-73.9985,NA,2018
9/4/2018,43.87841,-74.60239,Sargent Ponds Wild Forest,2018
8/31/2018,44.19898,-74.45023,NA,2018
8/27/2018,44.33278,-73.95667,Saranac Lakes Wild Forest,2018
8/26/2018,43.55555,-73.61203,Lake George Wild Forest,2018
8/24/2018,44.3356,-74.37198,Saranac Lakes Wild Forest,2018
8/23/2018,43.8452,-74.65994,Moose River Plains Wild Forest,2018
8/23/2018,43.87841,-74.60239,Sargent Ponds Wild Forest,2018
8/12/2018,44.33247,-74.40249,Saint Regis Canoe Area,2018
8/12/2018,43.76991,-74.73232,Moose River Plains Wild Forest,2018
8/11/2018,43.08108,-78.39663,John White WMA,2018
8/10/2018,44.38015,-74.76836,NA,2018
8/7/2018,44.33546,-74.14954,NA,2018
8/7/2018,44.16421,-73.54711,NA,2018
8/6/2018,43.49228,-74.39227,Sargent Ponds Wild Forets,2018
7/31/2018,44.2876,-74.28868,Saranac Lakes Wild Forest,2018
7/20/2018,43.23374,-77.07078,NA,2018
7/26/2018,44.36946,-74.07224,Saranac Lakes Wild Forest,2018
7/24/2018,43.18409,-74.47961,Shaker Mt WF,2018
7/23/2018,44.25309,-74.88487,NA,2018
7/22/2018,44.2922,-74.0872,Powerline,2018
7/22/2018,43.90773,-74.54275,Forked Lake CG,2018
7/21/2018,43.92622,-74.91516,Stillwater Reserivoir,2018
7/21/2018,43.24222,-73.8925,Mulleyville Trails,2018
7/21/2018,44.11312,-73.82095,AMR Property,2018
7/21/2018,43.50296,-74.37477,Sargants Pond Wild Forest,2018
7/21/2018,44.24107,-74.31509,Saranac Lake Wild Forest,2018
7/20/2018,43.78438,-73.48542,NA,2018
7/20/2018,43.08296,-74.48133,NA,2018
7/20/2018,42.71605,-73.88396,Albany Pine Bush,2018
7/18/2018,44.00148,-74.391,Sargeant Ponds WF,2018
7/18/2018,43.85119,-74.67268,NA,2018
7/16/2018,43.70851,-74.47188,West Canada Lakes,2018
7/14/2018,40.78878,-72.9047,US Fish & Wildlife Wertheim National,2018
7/14/2018,43.34024,-75.09174,Black River Wild Forest,2018
7/13/2018,42.858,-75.5415,NA,2018
7/12/2018,42.73964,-73.89046,Albany Pine Bush,2018
7/11/2018,43.35878,-75.01117,Black River Wildforest,2018
7/12/2018,44.87449,-73.6375,Flat Rock State Forest,2018
7/12/2018,43.36982,-75.0602,Black River Wild Forest,2018
7/11/2018,43.6183,-75.30015,NA,2018
7/11/2018,42.68988,-77.3652,NA,2018
7/10/2018,43.63222,-74.41882,West Canada Lake Wilderness,2018
7/9/2018,44.60998,-74.89493,West Parishville State Forest,2018
7/8/2018,44.1494,-74.80953,NA,2018
7/8/2018,43.24471,-73.87928,NA,2018
6/26/2018,42.71478,-73.86732,Albany Pine Bush,2018
6/26/2018,43.17769,-73.4287,NA,2018
6/26/2018,40.88729,-72.85012,NA,2018
6/22/2018,43.90587,-74.54506,Sagant Ponds Wilderness,2018
6/22/2018,43.85778,-75.18049,Independance River WF,2018
6/13/2018,43.5211,-76.05532,NA,2018
6/19/2018,43.92667,-73.467,NA,2018
6/12/2018,42.71944,-73.86242,Albany Pine Bush,2018
6/2/2018,44.39054,-74.38096,St. Regis Canoe Area,2018
5/31/2018,44.58566,-74.28727,Debar Mountain Wild Forest,2018
5/30/2018,42.72554,-73.87471,Albany Pine Bush,2018
5/27/2018,43.65264,-73.65811,NA,2018
5/24/2018,44.50367,-74.11474,Buck Pond Campground,2018
5/18/2018,44.07636,-74.32835,NA,2018
5/18/2018,44.17629,-75.05151,NA,2018
5/17/2018,42.70948,-73.90008,Albany Pine Bush,2018
5/14/2018,42.70967,-73.89068,Albany Pine Bush,2018
5/14/2018,44.64759,-73.75257,NA,2018
5/13/2018,44.31052,-75.30784,NA,2018
5/11/2018,42.9574,-73.76569,NA,2018
5/11/2018,40.9,-72.297,Peconic Headwaters,2018
5/10/2018,43.28162,-73.63204,NA,2018
5/9/2018,41.96128,-74.11152,NA,2018
5/9/2018,41.96001,-74.1119,NA,2018
5/8/2018,44.09641,-76.07243,6G,2018
5/9/2018,42.6998,-73.86263,Albany Pine Bush,2018
5/8/2018,43.96341,-73.73635,Dix Mountain Wilderness,2018
5/8/2018,44.15729,-74.90008,ESF Ranger School,2018
5/8/2018,42.71266,-73.89289,Albany Pine Bush,2018
5/7/2018,44.6376,-74.20181,Debar Mt Wild Forest,2018
5/6/2018,44.47686,-74.52964,Knapp Station State Forest,2018
5/5/2018,43.4751,-73.7674,NA,2018
5/2/2018,41.7183,-74.64143,NA,2018
5/2/2018,41.85198,-74.45948,none,2018
5/2/2018,43.77905,-73.55506,NA,2018
5/2/2018,42.25547,-77.50218,NA,2018
5/2/2018,42.5139,-73.89545,Louise E. Keir WMA,2018
5/2/2018,42.10806,-77.21365,NA,2018
5/1/2018,42.17228,-79.43687,NA,2018
5/1/2018,42.88937,-78.71845,Reinstein Preserve,2018
5/1/2018,40.536,-72.49,Peconic Headwaters,2018
4/30/2018,42.45427,-77.45561,NA,2018
4/30/2018,43.18121,-76.32827,Three Rivers Wildlife,2018
4/30/2018,42.21608,-77.40562,Cameron State Forest,2018
4/23/2018,43.26745,-76.8864,Lakeshore Marshes: East Bay Unit,2018
4/23/2018,41.98378,-74.08103,Blue Stone Wild Forest,2018
4/24/2018,41.81111,-74.33147,NA,2018
4/23/2018,42.36271,-75.87896,NA,2018
4/24/2018,43.08332,-74.14935,NA,2018
4/24/2018,41.64373,-74.20667,NA,2018
4/24/2018,42.1924,-77.37222,Cameron Mills SF,2018
4/23/2018,42.11421,-77.36518,NA,2018
4/23/2018,42.01316,-75.45074,NA,2018
4/23/2018,41.36208,-74.16692,NA,2018
4/23/2018,41.92318,-74.13094,NA,2018
4/23/2018,41.8603,-75.10574,NA,2018
4/23/2018,42.18057,-77.35151,Helmer Creek WMA,2018
4/22/2018,41.86574,-74.82442,NA,2018
4/22/2018,43.20866,-73.65226,NA,2018
4/21/2018,41.69481,-74.53432,Private Property,2018
4/21/2018,43.56686,-73.78022,NA,2018
4/20/2018,40.77338,-73.3007,Edgewood Oak Brush Plains,2018
4/14/2018,41.7272,-74.89121,NA,2018
4/14/2018,42.03465,-73.90917,Tivoli Bays WMA,2018
4/14/2018,42.71858,-73.86431,Albany Pine Bush,2018
4/13/2018,42.22474,-77.08691,West Hill,2018
4/11/2018,42.70815,-73.89581,Albany Pine Bush,2018
4/10/2018,41.79925,-73.89263,NA,2018
4/9/2018,41.17538,-73.34393,NA,2018
4/9/2018,43.24801,-73.72863,Moreau Lake State Park,2018
3/31/2018,40.7857,-73.28523,Pilgrim State Psychiatric Center,2018
3/27/2018,43.445,-73.51277,NA,2018
3/27/2018,42.18617,-73.94196,NA,2018
3/26/2018,42.13467,-76.97929,NA,2018
2/27/2018,42.98768,-77.44182,NA,2018
12/8/2017,42.73869,-73.88825,Albany Pine Bush,2017
11/30/2017,42.74352,-73.89864,Albany Pine Bush,2017
11/21/2017,43.09096,-73.35288,Private Property,2017
10/27/2017,40.90727,-72.76001,Otis Pike Preserve,2017
10/25/2017,43.12551,-73.529,NA,2017
10/24/2017,43.49886,-73.35947,NA,2017
10/23/2017,43.59913,-73.70982,Cat and Thomas Mountain,2017
10/22/2017,43.5454,-74.85903,JP Lewis Cons Easement,2017
10/22/2017,43.77633,-74.24469,Blue Mountain Wild Forest,2017
10/22/2017,42.29976,-74.10619,Windham Blackhead,2017
10/21/2017,43.25195,-74.05317,NA,2017
10/21/2017,44.24629,-74.35413,Saranac Lake Wild Forest,2017
10/21/2017,44.35702,-74.27767,NA,2017
10/20/2017,42.2087,-74.63918,NA,2017
10/19/2017,44.88073,-74.26037,NA,2017
10/15/2017,44.87724,-74.67255,Brasher State Forest,2017
10/4/2017,42.71316,-73.86414,Albany Pine Bush,2017
10/3/2017,42.65081,-74.67751,NA,2017
10/3/2017,42.59358,-74.52109,Mallet Pond,2017
10/3/2017,42.71988,-73.86195,Albany Pine Bush,2017
9/29/2017,43.55854,-73.61299,Lake George Wild Forest,2017
9/27/2017,43.48056,-73.88464,NA,2017
9/23/2017,43.78373,-74.29179,NA,2017
9/22/2017,42.70535,-73.84032,Albany Pine Bush,2017
9/22/2017,44.04254,-74.61642,Whitney Wilderness,2017
9/12/2017,42.70782,-73.89047,Albany Pine Bush,2017
9/11/2017,40.88326,-72.84853,Not applicable,2017
9/1/2017,41.48446,-73.93555,Hudson Highlands State Park,2017
7/10/2017,43.66253,-74.34607,Indian Lake Islands Campground,2017
7/10/2017,42.70006,-73.87117,Albany Pine Bush,2017
6/22/2017,40.8837,-72.8502,Brookhaven National Lab,2017
6/14/2017,43.42761,-73.65312,NA,2017
6/12/2017,40.88182,-72.84967,Brookhaven National Lab,2017
6/12/2017,42.71346,-73.86428,Albany Pinebush,2017
6/11/2017,43.838,-75.33198,N/A,2017
5/17/2017,41.69922,-73.5158,NA,2017
5/20/2017,43.55066,-73.61254,Lake George Wild Forest,2017
5/20/2017,42.07022,-79.22253,NA,2017
5/19/2017,43.21453,-73.72987,N/A,2017
5/18/2017,42.71842,-73.86525,Albany Pine Bush,2017
5/17/2017,42.43998,-74.63231,NA,2017
5/17/2017,42.71794,-73.85782,Albany Pine Bush,2017
5/9/2017,40.90288,-72.92829,Rocky Point Pine Barrens State,2017
5/8/2017,40.90924,-72.94538,Rocky Point Pine Barrens State,2017
5/4/2017,42.71883,-73.86781,Albany Pine Bush,2017
5/3/2017,40.94101,-72.79439,otis pike preserve,2017
5/2/2017,41.34422,-73.94066,NA,2017
4/27/2017,42.95893,-77.67626,NA,2017
4/26/2017,42.95893,-77.67626,NA,2017
4/24/2017,42.71534,-73.88048,Albany Pine Bush,2017
4/19/2017,41.49743,-74.60941,NA,2017
4/18/2017,43.00026,-73.6102,NA,2017
4/17/2017,41.44418,-73.75244,NA,2017
4/17/2017,43.25723,-74.20225,NA,2017
4/17/2017,42.21944,-77.43761,West Cameron WMA,2017
4/16/2017,42.30662,-76.116,none,2017
4/15/2017,41.4806,-74.17019,Stewart State Forest,2017
4/15/2017,42.5452,-73.82153,NA,2017
4/15/2017,43.35706,-75.90605,NA,2017
4/14/2017,42.36118,-74.14634,NA,2017
4/14/2017,43.32808,-73.41855,NA,2017
4/11/2017,41.99674,-73.95412,NA,2017
4/11/2017,43.03904,-73.99899,N/A,2017
4/11/2017,43.12167,-74.0564,NA,2017
4/11/2017,41.3815,-74.6914,NA,2017
4/11/2017,42.21558,-77.40648,Cameron State Forest,2017
4/10/2017,44.37662,-73.809,N/A,2017
4/10/2017,42.1606,-74.442,Shandaken WF,2017
4/10/2017,41.53409,-74.45753,NA,2017
4/10/2017,44.52083,-74.81469,Gold Mine Easement,2017
4/10/2017,41.47413,-74.4851,NA,2017
4/10/2017,41.52883,-74.4184,NA,2017
4/10/2017,43.01662,-73.30433,Private,2017
4/10/2017,42.72406,-73.87815,NA,2017
4/10/2017,42.18124,-77.35129,Helmer Creek,2017
4/10/2017,40.93266,-72.79268,Fresh Ponds,2017
4/9/2017,42.71965,-73.86216,Albany Pine Bush,2017
3/12/2017,43.17787,-73.66051,N/A,2017
3/9/2017,41.84511,-74.10648,NA,2017
3/9/2017,41.63056,-73.53719,NA,2017
3/9/2017,41.4408,-73.5809,Bog Brook UA,2017
3/5/2017,42.95329,-73.35088,NA,2017
3/2/2017,41.72516,-73.98017,NA,2017
2/28/2017,42.06333,-73.59646,NA,2017
11/13/2016,41.22805,-74.14063,Harriman StatePark,2016
11/13/2016,43.56086,-73.60293,Lake George Wild Forest,2016
11/13/2016,42.16392,-75.35069,NA,2016
11/13/2016,41.17239,-74.09992,Harriman StatePark,2016
11/13/2016,43.39153,-73.5872,NA,2016
11/8/2016,42.70874,-73.88814,Albany Pine Bush,2016
11/7/2016,42.71965,-73.86216,Albany Pine Bush Preserve,2016
11/6/2016,41.17182,-74.21004,NA,2016
11/6/2016,41.43419,-73.58497,NA,2016
11/5/2016,43.70151,-73.54193,Lake George WF,2016
10/26/2016,40.93619,-72.79385,Fresh Ponds,2016
10/26/2016,41.55243,-74.26825,NA,2016
10/19/2016,43.31557,-73.94292,NA,2016
10/18/2016,41.35576,-73.96503,NA,2016
10/17/2016,41.53499,-74.45664,NA,2016
10/15/2016,43.32963,-73.51042,Private,2016
10/15/2016,44.15834,-73.81561,High Peaks Wilderness,2016
10/13/2016,44.32905,-73.89872,Sentinel Wilderness Area,2016
10/13/2016,44.22197,-74.00159,NA,2016
10/12/2016,41.56279,-74.42956,none,2016
10/11/2016,44.24411,-74.26878,Western High Peaks Wilderness,2016
10/11/2016,43.73219,-74.47012,Moose River Wild Forest,2016
10/10/2016,44.01533,-73.62183,NA,2016
10/10/2016,43.81535,-73.63069,Pharaoh Lake Wilderness,2016
10/10/2016,43.52221,-74.27971,Sargent Ponds Wild Forest,2016
10/7/2016,44.1645,-74.58572,Horseshoe Lake Wild Forest,2016
10/5/2016,43.39763,-75.13632,Black River Wildforest,2016
10/3/2016,43.2528,-74.31565,Silver Lake Wilderness,2016
10/1/2016,43.20358,-76.32985,Three Rivers WMA,2016
9/26/2016,42.13939,-74.13348,Indian Head Wilderness,2016
9/29/2016,44.43787,-74.24898,NA,2016
9/25/2016,41.32546,-73.94015,NA,2016
9/25/2016,44.43772,-74.24862,paul smiths easement,2016
9/17/2016,44.03648,-74.63107,Whitney Wilderness,2016
9/23/2016,44.29528,-74.22335,Saranac Lake WIld Forest,2016
9/16/2016,43.69054,-74.65617,Moose River Wild Forest,2016
9/14/2016,43.20697,-74.53984,Ferris Lake Wild Forest,2016
9/15/2016,40.84189,-73.07122,NA,2016
9/15/2016,41.20312,-74.32994,N/A,2016
9/13/2016,42.23833,-74.09212,Colgate Lake Wild Forest,2016
9/10/2016,43.31165,-74.57395,NA,2016
9/8/2016,43.87601,-73.59559,NA,2016
9/4/2016,43.91821,-73.43499,Private Property,2016
9/1/2016,44.01774,-74.13389,Western High Peaks,2016
8/24/2016,42.72307,-73.87657,NA,2016
7/28/2016,43.53631,-75.90222,Hall Island,2016
8/13/2016,44.2822,-74.26672,Saranac Lakes Wild Forest,2016
8/11/2016,44.3561,-74.12242,Private,2016
7/20/2016,44.4086,-75.61709,Private,2016
8/8/2016,44.95664,-74.46998,Private,2016
8/8/2016,42.72063,-73.87644,Albany Pine Bush Preserve,2016
8/7/2016,43.19638,-76.3176,Three Rivers WMA,2016
8/7/2016,43.53831,-75.90294,hall island state forest,2016
8/5/2016,42.71934,-73.87593,Pine Bush Preserve,2016
8/2/2016,43.69874,-75.67669,Private,2016
8/4/2016,44.31963,-74.35644,Saranac Lake Wild Forest,2016
8/1/2016,43.53876,-75.90206,Hall Island State Forest,2016
7/23/2016,43.6003,-73.58108,lake george wild forest,2016
7/31/2016,44.14773,-74.054,high peaks wilderness area,2016
7/26/2016,43.87711,-75.04267,Independence River Wild Forest,2016
7/26/2016,43.59408,-75.02175,Black River Wild Forest,2016
7/28/2016,43.29061,-73.3752,NA,2016
7/28/2016,43.38758,-73.26912,NA,2016
7/23/2016,42.85501,-78.57035,NA,2016
7/25/2016,40.93763,-72.92833,Rocky Point,2016
7/21/2016,43.81684,-74.72671,Pigeon Lake WA,2016
7/22/2016,43.58273,-74.00052,NA,2016
7/20/2016,42.23278,-79.58987,NA,2016
7/6/2016,43.69439,-73.61883,Lake George Wild Forest,2016
7/6/2016,43.8739,-74.25503,Essex Chain Primitive Area,2016
7/5/2016,44.29445,-74.21009,Saranac Lake Islands,2016
7/6/2016,43.81068,-75.37698,none,2016
7/3/2016,44.15095,-73.75184,Giant Mountain WA,2016
7/4/2016,43.80742,-73.72453,Pharaoh Lake Wilderness,2016
7/2/2016,41.73248,-74.40097,NA,2016
6/30/2016,43.38532,-74.2553,Wilcox Lake Wild Forest,2016
6/29/2016,43.52198,-76.08078,Altmar State Forest,2016
6/29/2016,43.42653,-74.10139,Wilcox Lake Wild Forest,2016
6/26/2016,42.24014,-73.63548,NA,2016
6/25/2016,41.17616,-74.1204,Harriman StatePark,2016
6/25/2016,41.74483,-74.27081,Minnewaska State Park,2016
6/23/2016,44.62318,-73.7579,NA,2016
6/23/2016,44.90346,-73.77742,NA,2016
6/22/2016,43.99749,-73.6649,NA,2016
6/21/2016,42.44455,-78.90217,Zoar Valley,2016
6/20/2016,43.63781,-73.52334,Lake George Campground,2016
6/19/2016,43.30973,-74.65336,Ferris Lake Wild Forest,2016
6/17/2016,43.47506,-73.44469,NA,2016
6/17/2016,43.92536,-75.34147,NA,2016
6/12/2016,40.59247,-73.90621,NA,2016
6/10/2016,42.7023,-73.87058,Albany Pine Bush Preserve,2016
6/3/2016,44.40353,-74.67535,NA,2016
5/31/2016,44.15171,-74.53358,Horseshoe Lake Wild Forest,2016
5/31/2016,44.33678,-73.51452,NA,2016
5/30/2016,43.65694,-73.90189,NA,2016
5/30/2016,43.86353,-73.81277,Hoffman Notch Wilderness,2016
5/29/2016,43.93267,-74.92509,Five Ponds Wilderness,2016
5/29/2016,43.52942,-73.61615,Lake George WF,2016
5/27/2016,44.33536,-74.1499,Saranac Lake WIld Forest,2016
5/25/2016,42.71049,-78.83762,Hampton Brook Woods,2016
5/24/2016,44.16827,-74.52464,NA,2016
5/23/2016,43.76986,-73.55553,NA,2016
5/23/2016,44.2539,-74.24708,Saranac Lake Wild Forest,2016
5/20/2016,43.07524,-75.96131,N/A,2016
5/22/2016,43.18933,-74.17374,Northampton Beach Campground,2016
5/22/2016,43.83458,-74.53709,Blue Ridge Wilderness,2016
5/20/2016,44.42237,-73.73861,NA,2016
5/19/2016,43.64715,-73.80413,NA,2016
5/12/2016,43.18891,-73.26884,NA,2016
5/12/2016,43.74338,-73.77494,NA,2016
5/12/2016,43.52729,-73.79681,NA,2016
5/12/2016,43.49827,-73.76816,NA,2016
5/11/2016,41.48706,-74.89068,NA,2016
5/11/2016,41.77304,-74.50371,NA,2016
5/11/2016,41.43719,-73.78198,NA,2016
4/30/2016,43.50802,-73.74597,NA,2016
4/30/2016,43.41313,-74.13161,Siamese Pond Wilderness,2016
4/28/2016,43.7571,-75.6527,Grant Powell,2016
4/28/2016,42.9593,-77.67826,Rush Oak Openings Unique Area,2016
4/25/2016,43.74187,-73.44492,NA,2016
4/25/2016,44.68859,-74.31373,NA,2016
4/25/2016,42.08098,-74.35124,NA,2016
4/24/2016,41.61181,-74.46053,NA,2016
4/23/2016,41.67448,-74.35117,Sam's Point Preserve,2016
4/23/2016,43.4032,-73.87424,Lake George Wild Forest,2016
4/22/2016,41.61757,-74.42664,Roosa  Gap State Forest,2016
4/22/2016,40.52546,-74.19726,NA,2016
4/21/2016,44.29789,-74.22086,Saranac Lake WIld Forest,2016
4/21/2016,43.55142,-73.8273,NA,2016
4/21/2016,43.51757,-73.8147,Lake George Wild Forest,2016
4/19/2016,40.58547,-74.07934,NA,2016
4/21/2016,42.17869,-77.35113,Helmer Creek WMA,2016
4/20/2016,42.80885,-73.46646,Pittstown,2016
4/20/2016,43.60895,-74.93034,n/a,2016
4/18/2016,41.38877,-73.77073,NA,2016
4/20/2016,43.42957,-74.4957,Jessup River WF,2016
4/19/2016,43.12547,-75.18067,n/a,2016
4/18/2016,42.25003,-73.4657,NA,2016
4/19/2016,43.41751,-74.27516,NA,2016
4/19/2016,41.60708,-74.72815,NA,2016
4/18/2016,41.57412,-74.56892,NA,2016
4/18/2016,42.03262,-75.72344,N/A,2016
4/18/2016,41.76168,-75.0435,NA,2016
4/18/2016,43.85211,-73.79699,NA,2016
4/15/2016,41.63531,-74.21477,NA,2016
4/18/2016,41.44059,-74.8241,NA,2016
4/18/2016,43.5369,-73.82307,NA,2016
4/18/2016,43.62568,-73.77764,NA,2016
4/18/2016,43.466,-75.18315,n/a,2016
4/16/2016,41.44037,-74.73826,NA,2016
4/17/2016,41.92707,-75.0487,NA,2016
4/17/2016,43.33405,-74.07137,NA,2016
4/17/2016,43.55629,-75.3141,NA,2016
4/17/2016,43.23331,-73.74696,Moreau State Park,2016
4/17/2016,42.25355,-78.04856,NA,2016
4/17/2016,44.24206,-75.7005,NA,2016
4/17/2016,44.29575,-73.96476,NA,2016
4/17/2016,42.13574,-75.60893,N/A,2016
4/16/2016,41.39373,-73.79339,NA,2016
4/16/2016,41.39462,-74.63728,NA,2016
4/16/2016,43.34903,-73.28751,NA,2016
4/15/2016,42.19446,-77.376,Cameron Mills SF,2016
4/14/2016,41.61995,-73.63086,West Mountain State Forest,2016
4/14/2016,42.81525,-75.17833,Plainfield State Forest,2016
4/14/2016,43.7499,-73.68327,NA,2016
4/14/2016,42.21555,-77.40652,Cameron State Forest,2016
3/24/2016,42.06094,-76.52503,NA,2016
3/30/2016,42.03239,-76.79253,NA,2016
3/30/2016,40.74361,-73.10294,NA,2016
3/30/2016,42.30212,-75.43228,N/A,2016
3/30/2016,44.44238,-73.61003,NA,2016
3/29/2016,41.40543,-74.61949,none,2016
3/26/2016,41.99882,-75.61143,N/A,2016
3/24/2016,42.16907,-75.12029,NA,2016
3/24/2016,42.27145,-77.58453,NA,2016
3/24/2016,42.01726,-76.51185,N/A,2016
3/24/2016,42.2261,-75.94164,N/A,2016
3/21/2016,40.59114,-73.9171,NA,2016
3/21/2016,41.66501,-74.38538,NA,2016
3/21/2016,41.48584,-74.25393,NA,2016
3/20/2016,42.41771,-78.85028,na,2016
3/19/2016,41.81463,-75.08235,NA,2016
3/12/2016,42.06272,-73.99461,NA,2016
3/12/2016,42.51147,-73.58624,NA,2016
3/12/2016,41.7492,-74.89842,NA,2016
3/9/2016,42.02782,-73.64239,NA,2016
3/9/2016,42.09538,-73.66779,NA,2016
3/9/2016,42.31847,-73.62856,NA,2016
3/9/2016,42.47073,-73.73038,NA,2016
3/9/2016,41.69287,-74.53196,NA,2016
3/9/2016,42.46525,-77.36599,NA,2016
3/7/2016,42.38991,-77.34809,NA,2016
3/7/2016,42.2808,-76.06146,NA,2016
3/1/2016,41.68503,-74.79354,NA,2016
2/22/2016,41.47324,-74.50513,N/A,2016
2/2/2016,41.55813,-74.38003,NA,2016
1/24/2016,41.55642,-74.42452,NA,2016
11/23/2015,42.73983,-73.88661,Albany Pine Bush Preserve,2015
11/16/2015,41.22659,-74.32401,N/A,2015
11/13/2015,40.55334,-74.11159,Great Kills,2015
11/9/2015,42.24826,-77.30676,NA,2015
11/8/2015,43.67223,-73.77124,NA,2015
11/4/2015,42.46622,-77.36109,NA,2015
10/27/2015,40.90399,-72.81345,Otis Pike Preserve,2015
10/19/2015,42.73033,-73.87974,NA,2015
10/14/2015,43.55164,-73.54895,Lake George Wild Forest,2015
9/29/2015,40.9341,-72.92116,Rocky Point PBSF,2015
9/27/2015,43.9825,-74.92322,Five Ponds Wilderness,2015
9/27/2015,43.89932,-74.9855,Independence River WF,2015
9/26/2015,43.85704,-73.64528,Pharaoh Lake Wilderness,2015
9/26/2015,43.43074,-73.73106,Lake George Wild Forest,2015
9/25/2015,43.59625,-73.51761,Lake George Wild Forest,2015
9/19/2015,44.30006,-74.18219,Saranac Islands campground,2015
9/19/2015,43.27607,-74.54449,Silver Lake Wilderness,2015
9/17/2015,44.43015,-74.26857,NA,2015
9/15/2015,43.26406,-74.63659,Ferris Lake WF,2015
9/12/2015,43.37579,-74.40589,West Canada Wilderness,2015
9/11/2015,42.11783,-79.42794,none,2015
9/8/2015,41.25447,-74.13659,Harriman State Park,2015
9/6/2015,41.74199,-73.58913,NA,2015
9/7/2015,43.59241,-73.60341,Lake George WF,2015
9/4/2015,43.31663,-73.94187,NA,2015
9/7/2015,44.33376,-73.89278,Sentinel Wilderness Area,2015
9/6/2015,44.06069,-73.58621,NA,2015
9/5/2015,40.90348,-72.81557,Otis Pike,2015
9/3/2015,41.9839,-74.08066,Bluestone WF,2015
9/2/2015,42.17547,-74.07024,Kaaterskill Wild Forest,2015
8/30/2015,40.77372,-73.29557,Edgewood Preserve,2015
8/31/2015,43.39252,-73.35233,NA,2015
8/30/2015,40.77255,-73.22978,Edgewood preserve,2015
8/26/2015,43.71246,-73.51744,Lake George Wild Forest,2015
8/24/2015,41.46093,-73.72607,Ninham MUA,2015
8/20/2015,43.7477,-73.46138,NA,2015
8/17/2015,43.99885,-74.6564,William C. Whitney Wilderness,2015
8/16/2015,44.03909,-74.6007,William C. Whitney Wilderness,2015
8/15/2015,41.33577,-74.18419,NA,2015
8/14/2015,43.2472,-73.98634,NA,2015
8/10/2015,40.86013,-72.62406,Westhampton,2015
8/8/2015,40.86003,-72.58576,NA,2015
8/6/2015,44.23155,-73.36366,Split Rock Mt WF,2015
8/5/2015,43.25673,-74.65091,Ferris Lake WF,2015
8/3/2015,42.17312,-74.0542,Kaaterskill Wild Forest,2015
8/3/2015,40.90696,-72.91925,Rocky Point PBSF,2015
8/2/2015,43.57903,-73.58077,Lake George WF,2015
7/28/2015,43.85256,-75.4871,NA,2015
7/28/2015,43.64971,-73.98504,NA,2015
7/24/2015,43.5539,-73.85681,NA,2015
7/22/2015,44.92915,-74.29647,NA,2015
7/17/2015,42.71683,-73.86851,Albany Pinebush,2015
7/16/2015,42.72,-73.87256,Albany Pine Bush,2015
6/14/2015,40.74508,-72.87698,NA,2015
6/4/2015,44.44146,-74.23893,NA,2015
5/25/2015,40.59065,-74.07117,NA,2015
5/27/2015,40.89026,-72.77837,NA,2015
5/25/2015,42.42096,-73.70434,none,2015
5/25/2015,42.13318,-78.79503,Allegany Indian Reservation Lands,2015
5/24/2015,44.29316,-74.82442,NA,2015
5/24/2015,41.51275,-74.55462,Bashkill WMA,2015
5/23/2015,43.40175,-73.879,Lake George Wild Forest,2015
5/23/2015,43.57936,-73.58992,Lake George Islands,2015
5/22/2015,44.54665,-75.01837,Wilson Hill WMA,2015
5/21/2015,42.70695,-73.73174,Albany Pine Bush Preserve,2015
5/16/2015,42.7341,-73.92057,NA,2015
5/15/2015,41.76609,-73.86934,NA,2015
5/14/2015,44.49274,-74.15546,NA,2015
5/14/2015,41.45143,-74.87193,NA,2015
5/14/2015,42.73646,-73.59531,NA,2015
5/7/2015,41.90941,-74.1008,NA,2015
5/12/2015,42.1637,-75.80796,none,2015
5/11/2015,43.82469,-74.97096,NA,2015
5/11/2015,42.19967,-75.30467,Steam Mill SF,2015
5/11/2015,41.57912,-74.47643,NA,2015
5/11/2015,41.72303,-74.60382,NA,2015
5/10/2015,43.97751,-74.14304,NA,2015
5/9/2015,43.26905,-73.74039,NA,2015
5/9/2015,43.30388,-74.18361,Wilcox Lake Wild Forest,2015
5/9/2015,43.96274,-74.04002,NA,2015
5/9/2015,42.15624,-75.87039,NA,2015
5/8/2015,43.79282,-73.95778,NA,2015
5/8/2015,43.29313,-73.78275,NA,2015
5/8/2015,42.59521,-77.51898,none,2015
5/8/2015,43.85473,-74.41783,NA,2015
5/7/2015,44.88214,-74.29922,N/A,2015
5/7/2015,42.4722,-75.81262,Five Streams State Forest,2015
5/7/2015,42.13264,-74.23713,Hunter-West Kill Wilderness Area,2015
5/7/2015,44.91576,-74.56569,NA,2015
5/5/2015,40.59937,-73.90966,Four Sparrow Marsh Reserve,2015
5/5/2015,42.42717,-74.05966,NA,2015
5/5/2015,42.12221,-79.492,Whalen Memorial  State Forest,2015
5/4/2015,43.40884,-74.55983,Ferris Lake WF,2015
5/4/2015,42.21459,-76.9844,NA,2015
5/4/2015,43.13771,-73.86135,NA,2015
5/4/2015,42.65402,-75.44081,NA,2015
5/4/2015,42.18546,-73.54997,NA,2015
5/4/2015,42.15126,-74.49796,NA,2015
5/4/2015,42.46507,-78.44812,none,2015
5/4/2015,43.11145,-74.00198,NA,2015
5/4/2015,44.69141,-73.70459,NA,2015
5/4/2015,42.51423,-74.48963,Rossman Hill State Forest,2015
5/4/2015,44.92848,-73.48,NA,2015
5/4/2015,44.42855,-74.6239,NA,2015
5/4/2015,41.55598,-73.67014,NA,2015
5/1/2015,42.03578,-76.23451,NA,2015
5/3/2015,43.66212,-73.55927,Lake George WF,2015
5/3/2015,43.65662,-73.59381,Lake George WF,2015
5/3/2015,43.64956,-73.60159,Lake George WF,2015
5/3/2015,43.62355,-73.60857,Lake George WF,2015
5/3/2015,42.38578,-75.87325,Triangle State Forest,2015
5/3/2015,42.6701,-75.39714,NA,2015
5/3/2015,42.48476,-78.59045,none,2015
5/3/2015,42.27797,-74.93182,NA,2015
5/3/2015,43.22917,-76.34958,NA,2015
5/3/2015,41.54271,-74.8003,NA,2015
5/3/2015,41.6136,-74.43591,Wurstboro Ridge,2015
5/3/2015,43.05158,-74.41331,NA,2015
5/2/2015,42.85062,-73.68414,NA,2015
5/2/2015,43.09063,-74.21527,NA,2015
5/2/2015,42.03256,-75.72401,NA,2015
5/2/2015,43.2476,-76.07109,Three Mile Bay,2015
5/2/2015,43.10257,-73.83108,NA,2015
5/1/2015,42.7085,-73.88306,Pine Bush Preserve,2015
4/30/2015,41.97641,-74.0248,Bluestone Wild Forest,2015
4/30/2015,42.7174,-73.8852,Albany Pine Bush Preserve,2015
4/30/2015,42.70036,-73.86165,NA,2015
4/29/2015,42.11571,-78.6722,Allegany,2015
4/28/2015,41.68015,-74.63472,NA,2015
4/28/2015,41.74358,-74.94526,NA,2015
4/28/2015,43.84101,-75.67039,Cobb Creek State Forest,2015
4/28/2015,43.11228,-74.36656,NA,2015
4/28/2015,41.41057,-73.74139,NA,2015
4/28/2015,42.99924,-73.37998,NA,2015
4/28/2015,41.26041,-74.15852,NA,2015
4/27/2015,41.38872,-74.12832,New Windsor Cantonment,2015
3/30/2015,40.58798,-74.18335,NA,2015
4/27/2015,41.37668,-74.24185,N/A,2015
4/27/2015,41.57767,-74.47846,NA,2015
4/27/2015,42.95805,-77.68496,Rush-Oak Openings UA,2015
4/27/2015,41.59671,-74.49756,NA,2015
4/25/2015,40.78363,-73.30743,Edgewood Oakbrush Plains,2015
4/25/2015,42.25202,-76.93857,NA,2015
4/18/2015,41.26164,-74.13091,Harriman State Park,2015
4/18/2015,43.2805,-73.49584,NA,2015
4/19/2015,42.1747,-77.14888,Erwin WMA,2015
4/19/2015,42.58669,-74.30254,N/A,2015
4/19/2015,42.36603,-75.63995,n/a,2015
4/19/2015,42.03675,-74.90633,Delware Wild Forest,2015
4/18/2015,44.19081,-75.30778,NA,2015
4/18/2015,42.19986,-75.95295,n/a,2015
4/18/2015,42.62844,-77.45301,NA,2015
4/18/2015,41.36509,-74.67601,NA,2015
4/16/2015,43.62975,-73.60782,Lake George WF,2015
4/16/2015,42.67562,-73.36838,N/A,2015
4/16/2015,42.387,-73.41293,NA,2015
4/16/2015,42.33117,-74.0621,NA,2015
4/16/2015,41.50266,-73.77863,N/A,2015
4/16/2015,42.37558,-74.04868,NA,2015
4/16/2015,41.60881,-74.55152,NA,2015
4/16/2015,42.44696,-74.03588,NA,2015
4/16/2015,44.22048,-74.83471,NA,2015
4/16/2015,42.63847,-74.01238,John Boyd Thacher State Park,2015
4/16/2015,42.13105,-73.97474,NA,2015
4/15/2015,41.69768,-74.95496,NA,2015
4/15/2015,42.93262,-73.80319,I-87 Northway Northbound,2015
4/15/2015,41.61612,-73.84,NA,2015
4/15/2015,43.5035,-73.8028,NA,2015
4/15/2015,44.24999,-73.7825,NA,2015
4/15/2015,41.54191,-74.50179,NA,2015
4/15/2015,41.58861,-74.46609,NA,2015
4/15/2015,42.0065,-75.69145,NA,2015
4/13/2015,42.60783,-74.46555,NA,2015
4/13/2015,43.15256,-73.44902,NA,2015
4/13/2015,42.17775,-77.34948,Helmer Creek,2015
4/13/2015,41.65065,-74.16692,NA,2015
4/13/2015,40.95188,-72.35078,NA,2015
4/13/2015,42.17775,-77.34948,Helmer Creek WMA,2015
4/11/2015,40.89752,-72.60401,NA,2015
4/6/2015,41.56718,-74.35479,NA,2015
4/4/2015,41.14533,-74.17855,Harriman State Park,2015
4/2/2015,42.08352,-76.30397,N/A,2015
4/2/2015,41.47144,-74.06775,NA,2015
4/2/2015,41.46641,-74.09619,NA,2015
4/2/2015,42.18828,-73.94631,NA,2015
4/2/2015,42.94564,-73.60707,NA,2015
11/22/2014,41.70555,-74.51195,NA,2014
11/22/2014,41.68942,-74.94629,NA,2014
11/20/2014,41.39256,-74.70419,N/A,2014
11/11/2014,42.21551,-75.47932,none,2014
11/5/2014,42.00887,-78.9426,Allegany State Park,2014
11/4/2014,41.88524,-75.08841,NA,2014
11/4/2014,43.36673,-73.75448,NA,2014
11/2/2014,43.48473,-73.55928,Camp Little Notch,2014
11/2/2014,44.33258,-74.15751,Saranac Lake Wild Forest,2014
11/2/2014,44.43818,-74.24782,NA,2014
10/12/2014,43.88029,-74.24575,Essex Chain Premitive Area,2014
10/28/2014,40.91229,-72.87312,Peconic Headwaters,2014
10/15/2014,43.15593,-73.7939,Daniels Road State Forest,2014
10/15/2014,44.30953,-74.39166,Saranac Lake WF,2014
10/11/2014,42.48291,-78.47569,NA,2014
10/14/2014,42.13856,-76.01799,NA,2014
10/14/2014,42.24337,-74.35583,NA,2014
10/14/2014,44.30993,-74.17058,Sarnac Lake WF,2014
10/12/2014,42.69087,-73.31276,Cowdry Hollow,2014
10/12/2014,44.25965,-74.2447,Saranac Lake Wild Forest,2014
10/11/2014,42.17611,-77.1738,Erwin Hollow State Forest,2014
10/10/2014,41.25373,-74.28262,NA,2014
10/10/2014,42.71575,-73.86559,Albany Pine Bush,2014
10/5/2014,44.16795,-74.83538,Cranberry Lake Wild Forest,2014
10/1/2014,41.75703,-73.80496,NA,2014
9/28/2014,44.24968,-74.23942,W. High Peaks Wilderness,2014
9/25/2014,44.33206,-74.40252,Saranac Lake WF,2014
9/25/2014,43.89032,-75.07584,Independence River WF,2014
9/24/2014,43.4088,-73.68284,NA,2014
9/22/2014,43.64821,-73.87206,Lake George Wild Forest,2014
9/21/2014,44.28589,-74.13438,NA,2014
9/2/2014,44.07289,-74.80861,Bog River Complex,2014
9/8/2014,40.89129,-72.74212,Otis Pike Preserve,2014
8/30/2014,40.81727,-72.81686,NA,2014
8/28/2014,41.33007,-74.21534,NA,2014
8/7/2014,40.66235,-73.08034,NA,2014
8/9/2014,40.76912,-73.25682,NA,2014
8/10/2014,43.25273,-74.31565,Shaker Mt WF,2014
7/27/2014,43.90951,-74.4524,Sargent Ponds Wild Forest,2014
7/18/2014,43.53725,-73.6165,Lake George WF,2014
7/1/2014,40.87521,-72.64514,Sarnoff Preserve,2014
6/23/2014,42.31344,-73.42582,Harvey Mountain State Forest,2014
6/3/2014,40.88588,-72.64433,NA,2014
6/2/2014,41.729,-74.62341,none,2014
6/2/2014,40.87475,-72.64525,Sarnoff Preserve,2014
6/2/2014,42.71318,-73.85589,APB Preserve,2014
5/29/2014,41.80112,-74.65698,NA,2014
5/29/2014,42.71318,-73.85589,APB Preserve,2014
5/28/2014,43.60303,-75.44396,Lesser Wilderness,2014
5/26/2014,42.4216,-77.25407,NA,2014
5/20/2014,40.90449,-72.82621,Peconic Headwaters NRMA,2014
5/13/2014,40.94386,-72.94889,Rocky Point NRMA,2014
5/21/2014,44.15184,-74.52348,Horseshoe Lake WF,2014
5/20/2014,43.13077,-74.26165,NA,2014
5/20/2014,40.77861,-73.30862,Edgewood Oak Brush Preserve,2014
5/20/2014,42.71247,-73.89288,Albany Pine Bush Preserve,2014
5/18/2014,42.78934,-73.34816,NA,2014
5/15/2014,40.89786,-72.91669,Rocky Point NRMA,2014
5/4/2014,42.71743,-73.88067,NA,2014
4/21/2014,42.71858,-73.87883,NA,2014
4/13/2014,42.71895,-73.88256,NA,2014
5/13/2014,42.97412,-73.8641,NA,2014
5/11/2014,42.96158,-73.69553,NA,2014
5/9/2014,42.56734,-77.68214,NA,2014
5/8/2014,44.15724,-74.90009,NA,2014
5/7/2014,40.89904,-72.91533,Rocky point,2014
5/6/2014,41.5627,-74.79218,Mongaup Valley WMA,2014
5/5/2014,41.2397,-74.26684,NA,2014
5/4/2014,41.92453,-74.41316,Sundown Wild Forest,2014
4/29/2014,40.94363,-72.784,Otis Pike Preserve,2014
4/28/2014,42.66088,-75.62402,NA,2014
4/25/2014,41.72632,-74.24246,Minnewaska Lake State Park,2014
4/25/2014,40.87207,-72.90698,Longwood Property,2014
4/25/2014,41.58656,-74.4088,NA,2014
4/23/2014,40.93167,-72.94056,Rocky Point NRMA,2014
4/23/2014,40.93389,-72.93973,Rocky Point NRMA,2014
4/24/2014,40.58662,-74.18922,NA,2014
4/25/2014,42.19282,-77.373,Cameron Mills SF,2014
4/24/2014,41.47236,-74.44196,NA,2014
4/24/2014,40.84784,-72.86214,NA,2014
4/24/2014,43.81676,-75.4871,Fort Drum Base,2014
4/24/2014,42.50747,-73.65258,NA,2014
4/24/2014,41.54979,-74.75056,NA,2014
4/23/2014,40.88154,-72.78536,NA,2014
4/24/2014,41.77507,-74.22688,NA,2014
4/24/2014,41.44719,-74.04683,NA,2014
4/24/2014,41.862,-74.58534,NA,2014
4/24/2014,40.71977,-73.41809,NA,2014
4/24/2014,43.32194,-73.8497,Not applicable,2014
4/24/2014,40.92832,-72.7831,NA,2014
4/24/2014,42.21429,-77.40644,CAMERON STATE FOREST,2014
4/22/2014,40.87564,-72.94706,East Bartlett,2014
4/23/2014,40.88193,-72.61572,NA,2014
4/23/2014,40.90144,-72.81485,Peconic Headwaters,2014
4/22/2014,41.41807,-73.54015,N/A,2014
4/21/2014,41.30352,-74.07554,Harriman State Park,2014
4/21/2014,42.27515,-75.21668,NA,2014
4/21/2014,41.53042,-74.40872,NA,2014
4/21/2014,42.35197,-75.50652,N/A,2014
4/21/2014,42.60749,-73.35195,NA,2014
4/19/2014,41.59551,-74.7308,NA,2014
4/21/2014,42.95995,-77.6823,Rush Oak Openings,2014
4/21/2014,43.02465,-78.48235,Onondaga Escarpment,2014
4/20/2014,43.28701,-73.72807,NA,2014
4/18/2014,42.26162,-77.96384,NA,2014
4/14/2014,42.41931,-74.26408,NA,2014
4/14/2014,40.62856,-74.18818,NA,2014
4/14/2014,41.74187,-74.49514,NA,2014
4/14/2014,42.22732,-73.71089,NA,2014
4/14/2014,43.26342,-73.47851,NA,2014
4/14/2014,42.24027,-78.51739,na,2014
4/13/2014,40.77271,-73.12914,NA,2014
4/14/2014,42.35533,-78.80962,NA,2014
4/14/2014,42.73944,-73.88284,Albany Pine Bush,2014
4/13/2014,42.10143,-77.8354,NA,2014
4/13/2014,41.42348,-74.62453,NA,2014
4/13/2014,42.09907,-76.15726,NA,2014
4/13/2014,42.00951,-73.79529,N/A,2014
4/13/2014,41.66042,-74.68665,NA,2014
4/13/2014,42.33446,-78.56242,NA,2014
4/12/2014,42.59362,-73.3687,NA,2014
4/12/2014,42.30214,-78.64983,NA,2014
4/11/2014,42.17776,-77.34948,Helmer Creek,2014
4/10/2014,42.60421,-73.5195,NA,2014
4/10/2014,42.50891,-74.9484,NA,2014
4/10/2014,42.16208,-76.5922,NA,2014
4/10/2014,42.83707,-74.59813,NA,2014
4/10/2014,42.31318,-78.72778,na,2014
4/10/2014,42.88275,-73.57623,NA,2014
4/10/2014,41.6115,-74.4531,NA,2014
4/10/2014,42.17776,-77.34948,Helmer Creek,2014
4/6/2014,41.75279,-74.37198,NA,2014
3/26/2014,40.8343,-72.73982,NA,2014
3/27/2014,40.90577,-72.5615,Hubbard County Park,2014
3/27/2014,40.77682,-73.29511,NA,2014
3/26/2014,40.94339,-72.94514,Rocky Point NRMA,2014
3/26/2014,40.90173,-72.78609,Suffolk Co Park,2014
3/26/2014,40.90699,-72.93068,Rocky Point Preserve,2014
3/26/2014,40.90442,-72.822,Otis Pike Preserve,2014
3/23/2014,40.90819,-72.92135,Rocky Point,2014
3/23/2014,42.12161,-75.88503,NA,2014
3/22/2014,41.49655,-73.94694,NA,2014
3/20/2014,40.68136,-73.51512,Twin Lake State Park,2014
3/15/2014,40.65293,-73.85074,NA,2014
11/25/2013,40.91072,-72.94774,Rocky Point,2013
11/24/2013,40.76312,-73.28975,NA,2013
11/19/2013,40.52464,-74.19617,NA,2013
11/19/2013,40.52481,-74.19252,NA,2013
11/19/2013,42.72258,-73.87628,Albany Pine Bush Preserve,2013
11/15/2013,40.81314,-73.74708,Kings Point,2013
11/14/2013,41.0527,-73.93986,NA,2013
10/28/2013,41.15066,-74.16353,Harriman State Park,2013
10/25/2013,41.2563,-74.06214,Harriman State Park,2013
11/12/2013,41.69271,-73.95128,NA,2013
11/9/2013,41.24937,-74.13843,Harriman State Park,2013
11/6/2013,40.89249,-72.82048,Otis Pike Preserve,2013
11/6/2013,42.72986,-73.8813,Albany Pine Bush Preserve,2013
11/5/2013,43.47314,-74.11436,Hudson River Gorge,2013
11/4/2013,40.7481,-73.44099,Beth Page State Park,2013
10/29/2013,41.82291,-74.02596,NA,2013
10/29/2013,40.90275,-72.81406,Pike Preserve,2013
10/29/2013,40.8427,-72.91658,Warbler Woods,2013
10/28/2013,43.51548,-73.55254,NA,2013
10/28/2013,42.5206,-73.90508,NA,2013
10/26/2013,40.90438,-72.81693,Otis Pike,2013
10/27/2013,42.22608,-74.16945,NA,2013
10/27/2013,42.36429,-73.41209,NA,2013
10/21/2013,41.30126,-74.41623,NA,2013
10/18/2013,40.76789,-73.30291,Edgewood Preserve,2013
10/10/2013,44.14466,-73.73555,Giant Mt Wilderness,2013
10/4/2013,43.48196,-73.72842,NA,2013
10/3/2013,42.51948,-77.39189,NA,2013
10/3/2013,43.4235,-73.88905,NA,2013
10/3/2013,42.72986,-73.8813,Albany Pine Bush Preserve,2013
10/2/2013,42.71361,-73.8613,Pine Bush Nature Conservacy,2013
9/26/2013,44.37497,-74.05894,McKenzie Mt Wilderness,2013
9/20/2013,43.59634,-74.41657,Jessup River Wildforest,2013
9/13/2013,43.7179,-74.46848,West Canada,2013
9/8/2013,44.15254,-73.63611,Giant Mountain Wilderness,2013
9/8/2013,43.83956,-73.59183,Pharoah Lakes Wilderness,2013
8/23/2013,43.85972,-74.56647,Sargents Pond Wild Forest,2013
8/22/2013,43.83934,-73.67948,Pharoah Lake Wilderness,2013
8/19/2013,43.93263,-73.69293,Hammond Pond Wild Forest,2013
8/5/2013,42.73868,-73.88692,Albany Pine Bush,2013
7/17/2013,40.90941,-72.92995,Rocky Point NRMA,2013
6/26/2013,44.69561,-73.88247,NA,2013
6/1/2013,43.78526,-74.69714,NA,2013
5/30/2013,40.90744,-72.70177,NA,2013
5/13/2013,40.89957,-72.65264,Sarnoff Preserve,2013
5/17/2013,42.71376,-73.88569,Albany Pine Bush,2013
5/17/2013,42.21668,-78.70116,NA,2013
5/16/2013,43.41339,-73.90394,NA,2013
5/16/2013,43.46688,-73.81283,Lake George WF,2013
5/16/2013,43.6902,-73.9731,NA,2013
5/16/2013,43.88016,-73.56219,NA,2013
5/15/2013,42.5119,-77.53228,NA,2013
5/13/2013,40.90789,-72.76009,River Rd North RX,2013
5/10/2013,44.26559,-74.72669,NA,2013
5/9/2013,44.15543,-74.90069,Wanakena Ranger School,2013
5/8/2013,44.67498,-73.47594,NA,2013
5/8/2013,44.38506,-74.46446,Whiskey Flats State Forest,2013
5/8/2013,44.71641,-74.42534,NA,2013
5/8/2013,43.10293,-73.57304,NA,2013
5/7/2013,43.09284,-73.97377,NA,2013
5/6/2013,42.32481,-76.70632,Connecticut Hill,2013
5/6/2013,44.4931,-73.4687,NA,2013
5/6/2013,42.88611,-73.56843,NA,2013
5/6/2013,43.48047,-76.09068,na,2013
5/5/2013,42.88578,-76.08379,N/A,2013
5/1/2013,40.9207,-72.94124,Rocky Point,2013
5/4/2013,44.93697,-73.47903,NA,2013
5/5/2013,44.3482,-74.1445,NA,2013
5/5/2013,43.97884,-74.34559,NA,2013
5/5/2013,43.16188,-73.38706,NA,2013
5/5/2013,42.63306,-73.66493,NA,2013
5/5/2013,43.08936,-75.03493,Steuben Hill State Forest,2013
5/5/2013,42.38111,-73.80874,Greene 29,2013
4/30/2013,40.90264,-72.7375,Peconic Headwaters,2013
5/5/2013,43.81612,-75.38505,Indian Pipe,2013
5/5/2013,43.1123,-73.55978,NA,2013
5/5/2013,44.87642,-74.50294,NA,2013
5/5/2013,43.85366,-74.66544,NA,2013
5/5/2013,42.41489,-77.75079,NA,2013
5/5/2013,42.20719,-74.60545,NA,2013
5/5/2013,42.58507,-75.37373,Hunts Pond State Forest,2013
5/5/2013,42.40051,-74.78197,NA,2013
5/4/2013,44.69675,-74.54393,NA,2013
5/4/2013,43.66646,-75.08538,NA,2013
5/4/2013,42.82874,-73.8168,NA,2013
5/4/2013,41.39519,-74.63419,NA,2013
5/4/2013,43.42609,-76.06158,na,2013
5/3/2013,43.74883,-75.33499,Independence River State Forest,2013
5/3/2013,43.55827,-73.54961,Lake George Wild Forest,2013
5/3/2013,43.23309,-75.58349,Rome Sand Plains,2013
5/3/2013,43.75731,-73.64897,NA,2013
5/3/2013,42.26826,-73.59048,NA,2013
5/2/2013,42.8822,-74.33425,Charleston State Forest,2013
5/2/2013,42.06697,-78.02688,NA,2013
5/2/2013,42.39189,-75.67803,none,2013
5/2/2013,42.21698,-77.03325,NA,2013
5/2/2013,42.18619,-77.10729,NA,2013
5/1/2013,42.49087,-78.05093,NA,2013
5/1/2013,44.97549,-73.40528,NA,2013
4/23/2013,42.5295,-75.93578,Gee Brook State Forest/Calico Pond,2013
4/29/2013,44.93397,-74.2037,NA,2013
4/28/2013,43.01319,-74.79208,NA,2013
4/28/2013,41.533,-74.905,NA,2013
4/27/2013,43.70947,-73.9445,NA,2013
4/26/2013,40.89755,-72.82555,Otis Pike Preserve,2013
4/26/2013,42.13195,-76.95427,NA,2013
4/26/2013,42.70714,-73.90161,Albany Pine Bush,2013
4/24/2013,43.48465,-73.81537,NA,2013
4/24/2013,44.87413,-74.30299,NA,2013
4/24/2013,44.63345,-75.25559,NA,2013
4/23/2013,44.30642,-75.20543,NA,2013
4/23/2013,44.7718,-74.2526,NA,2013
4/23/2013,44.5792,-73.7504,NA,2013
4/22/2013,44.33462,-74.13387,NA,2013
4/22/2013,42.96013,-77.68404,Rush Oak Openings,2013
4/18/2013,42.61301,-77.39735,Hi Tor WMA,2013
4/18/2013,42.21585,-77.40687,Cameron State Forest,2013
4/18/2013,40.86476,-72.72392,Eastport,2013
4/16/2013,44.37511,-73.70808,NA,2013
4/15/2013,41.47716,-74.32334,Highland Lakes SP,2013
4/10/2013,40.90282,-72.92864,Rocky Point,2013
4/9/2013,41.36256,-74.2301,NA,2013
4/9/2013,41.97834,-73.75338,NA,2013
4/8/2013,41.6933,-74.62191,NA,2013
4/7/2013,42.26334,-73.74068,NA,2013
4/7/2013,43.5003,-73.33698,N/A,2013
4/7/2013,42.10513,-77.58191,NA,2013
4/7/2013,43.25191,-73.50575,N/A,2013
4/7/2013,44.25245,-73.78722,N/A,2013
4/7/2013,42.04247,-77.05218,NA,2013
4/7/2013,42.03033,-77.12972,NA,2013
4/7/2013,42.67037,-77.12901,NA,2013
4/6/2013,42.98425,-73.33457,NA,2013
4/5/2013,42.17765,-77.34943,Helmer Creek WMA,2013
4/4/2013,40.84243,-72.90162,NA,2013
4/4/2013,42.19942,-77.37724,Cameron Mills State Forest,2013
4/4/2013,40.93249,-72.7924,Otis Pike Preserve,2013
3/31/2013,42.07017,-73.95691,NA,2013
3/30/2013,42.46145,-76.8509,NA,2013
3/30/2013,42.39553,-76.70644,NA,2013
3/30/2013,42.17614,-77.33167,NA,2013
3/29/2013,41.59013,-74.47738,NA,2013
3/15/2013,40.9032,-72.81584,Otis Pike Preserve,2013
3/15/2013,40.90328,-72.81684,Otis Pike Preserve,2013
2/13/2013,42.8453,-73.35558,Tibbitts State Forest,2013
11/16/2012,42.719,-73.86803,Albany Pine Bush Preserve,2012
11/23/2012,43.73281,-74.89375,NA,2012
11/12/2012,42.51409,-74.8867,NA,2012
11/12/2012,42.89608,-78.12776,N/A,2012
11/12/2012,44.70495,-74.43594,NA,2012
11/12/2012,42.3038,-76.87572,NA,2012
11/12/2012,43.38132,-73.61055,NA,2012
11/12/2012,42.32291,-79.59027,NA,2012
11/11/2012,42.31271,-79.57675,NA,2012
10/26/2012,42.714,-73.8723,Albany Pine Bush Preserve,2012
10/17/2012,43.10597,-78.47335,Tonawanda WMA,2012
10/12/2012,43.57623,-73.58362,NA,2012
9/21/2012,44.16939,-74.83396,Cranberry Lk Wild Forest,2012
9/15/2012,42.44346,-77.27964,Pigtail Hollow SF,2012
9/13/2012,44.312,-75.594,yellow lake state forest,2012
9/12/2012,43.75325,-73.4807,Lake George Wild Forest,2012
9/12/2012,43.46886,-75.45693,NA,2012
9/12/2012,43.30951,-77.73636,Braddock Bay,2012
9/7/2012,44.04314,-74.34958,Western High Peaks,2012
9/4/2012,44.95331,-74.32337,N/A,2012
9/3/2012,43.7018,-73.54189,Lk George WF,2012
9/3/2012,44.2167,-73.714,Hurricane Mt,2012
9/2/2012,44.07386,-74.82117,Five Ponds Wilderness,2012
9/1/2012,44.38324,-74.30392,St. Regis Canoe Area,2012
9/1/2012,43.53609,-75.90265,Hall Island SF,2012
9/1/2012,42.70907,-78.8367,Hampton Brook,2012
9/1/2012,43.47526,-73.64238,NA,2012
8/29/2012,44.41043,-74.00652,McKenzie Mt Wilderness,2012
8/28/2012,44.89705,-73.61427,NA,2012
8/24/2012,43.10539,-78.47977,Tonawanda WMA,2012
8/22/2012,44.0227,-74.37949,NA,2012
8/19/2012,44.47165,-73.94428,Taylor Pond Wild Forest,2012
8/19/2012,44.34555,-74.31191,NA,2012
8/9/2012,42.57404,-74.54713,NA,2012
8/8/2012,43.91489,-74.48371,Seargent Pond,2012
8/7/2012,42.48256,-78.66069,na,2012
8/4/2012,43.9825,-74.92391,Five Ponds Wilderness Area,2012
8/2/2012,44.45641,-74.18869,Saranac Lakes WF,2012
7/31/2012,44.21097,-73.37312,Split Rock Wild Forest,2012
7/31/2012,43.85246,-76.08639,NA,2012
7/28/2012,43.56084,-74.92742,J.P. Lewis Tract Conservation,2012
7/25/2012,42.10693,-73.67312,Columbia 2-New Forge,2012
7/26/2012,44.55759,-74.08939,NA,2012
7/25/2012,43.63396,-73.5002,Lake George Wild Forest,2012
7/25/2012,44.33297,-73.95686,McKenzie Mountain,2012
7/24/2012,44.0281,-73.85231,NA,2012
7/23/2012,44.69137,-74.2933,Debar,2012
7/23/2012,43.36041,-73.92272,NA,2012
7/17/2012,44.12572,-74.9583,Cranberry Lake Wildforest,2012
7/11/2012,42.11625,-74.11285,Indian Head Wilderness Area,2012
6/30/2012,42.17577,-74.07978,Kaaterskill Wild Forest,2012
7/22/2012,43.82702,-75.36612,NA,2012
7/19/2012,43.32177,-76.753,LAKE SHORE MARSHES WMA,2012
7/19/2012,42.29564,-73.47497,NA,2012
7/19/2012,43.52938,-75.89498,Hall Island State Forest,2012
7/19/2012,43.76968,-75.22786,Independance River WF,2012
7/16/2012,43.86228,-74.44117,NA,2012
7/16/2012,43.19112,-74.5487,Ferris Lake WF,2012
7/15/2012,43.53623,-75.90255,Hall Island,2012
7/15/2012,44.10724,-73.84402,NA,2012
7/14/2012,41.66231,-74.32841,NA,2012
7/14/2012,44.94193,-74.4253,NA,2012
7/14/2012,42.51831,-75.53428,NA,2012
7/14/2012,44.33516,-74.14993,NA,2012
7/14/2012,44.33583,-74.14965,NA,2012
7/13/2012,43.25249,-74.10752,NA,2012
7/13/2012,44.33582,-74.14972,NA,2012
7/13/2012,43.09428,-74.50288,NA,2012
7/12/2012,44.44066,-73.79705,NA,2012
7/12/2012,44.31196,-74.16566,Saranac Lake Wild Forest,2012
7/12/2012,44.28143,-74.03963,Saranac Lake Wild Forest,2012
7/11/2012,42.14731,-77.3412,Tracey Creek,2012
7/11/2012,42.6807,-76.10796,NA,2012
7/10/2012,44.30513,-74.31762,Saranac Lake Wild Forest,2012
7/9/2012,43.3792,-74.1805,Siamese Pond Wilderness,2012
7/9/2012,42.64509,-74.545,NA,2012
7/1/2012,42.68026,-74.52577,NA,2012
7/3/2012,43.9314,-73.69316,NA,2012
7/3/2012,43.59129,-73.81157,NA,2012
7/1/2012,44.18044,-73.60634,NA,2012
7/1/2012,43.18829,-74.17743,Northampton Beach Campground,2012
6/16/2012,41.62921,-74.83984,NA,2012
5/26/2012,43.56177,-73.84731,NA,2012
5/26/2012,43.71011,-73.94067,NA,2012
5/12/2012,41.53904,-73.74966,NA,2012
5/11/2012,44.15759,-74.90047,NA,2012
5/7/2012,40.90897,-72.94528,Rocky Point NRMA,2012
4/30/2012,40.94202,-72.91083,Rocky Point NRMA,2012
4/30/2012,43.15155,-74.09573,NA,2012
4/27/2012,42.51363,-74.85217,Delaware Otsego 1,2012
4/27/2012,40.75694,-72.83785,NA,2012
4/20/2012,41.85083,-75.10693,NA,2012
4/20/2012,42.4448,-74.37791,NA,2012
4/17/2012,42.70997,-73.49564,NA,2012
4/17/2012,41.52444,-74.69412,NA,2012
4/17/2012,43.71011,-73.94067,NA,2012
4/17/2012,43.22762,-74.10723,NA,2012
4/17/2012,42.13972,-76.98294,NA,2012
4/17/2012,43.46381,-73.4256,NA,2012
4/17/2012,40.85,-72.85,NA,2012
4/16/2012,42.36491,-75.964,NA,2012
4/16/2012,41.55135,-74.99625,NA,2012
4/16/2012,40.89949,-72.72751,NA,2012
4/15/2012,40.845,-72.70224,NA,2012
4/14/2012,42.03531,-73.92686,Tivoli Bay WMA,2012
4/14/2012,41.78041,-74.68294,NA,2012
4/14/2012,43.2872,-75.70572,NA,2012
4/14/2012,42.56532,-74.82296,NA,2012
4/14/2012,43.43871,-73.95204,NA,2012
4/14/2012,42.34469,-76.87679,NA,2012
4/12/2012,42.65879,-77.03434,NA,2012
4/9/2012,40.9039,-72.80922,Otis Pike Preserve,2012
4/10/2012,40.91714,-72.85607,Brookhaven State Park,2012
4/10/2012,42.95916,-73.73696,NA,2012
4/10/2012,40.90601,-72.93862,Rocky Point NRMA,2012
4/10/2012,40.91707,-72.85474,Brookhaven State Park,2012
4/9/2012,41.27698,-74.01666,Harriman State Park,2012
4/8/2012,41.69533,-74.58403,NA,2012
4/9/2012,42.08309,-77.26118,NA,2012
4/9/2012,40.88209,-72.83805,Peconic Headwater NRMA,2012
4/9/2012,42.40241,-77.32198,NA,2012
4/9/2012,40.76889,-73.30019,Edgewood Preserve,2012
4/9/2012,42.17581,-77.67708,Rock Creek State Forest,2012
4/9/2012,42.91129,-73.81294,NA,2012
4/8/2012,42.01786,-75.86916,NA,2012
4/8/2012,43.15977,-74.42416,NA,2012
4/8/2012,42.44555,-77.27895,Pigtail Hollow SF,2012
4/8/2012,42.18781,-76.94794,NA,2012
4/7/2012,41.7313,-74.49957,NA,2012
4/7/2012,43.50198,-73.77272,N/A,2012
4/7/2012,42.31227,-74.85813,NA,2012
4/7/2012,42.2347,-78.60777,NA,2012
4/6/2012,42.00877,-75.89952,NA,2012
4/6/2012,43.3706,-74.33584,NA,2012
4/6/2012,42.09011,-78.07369,NA,2012
4/5/2012,40.9074,-72.7314,Forge Pond Fishing Access Site,2012
4/6/2012,40.88213,-72.61916,Suffolk County Parks,2012
4/6/2012,40.86392,-72.7681,Suffolk Parks Manorville Hills,2012
4/6/2012,43.93122,-75.36712,NA,2012
4/6/2012,41.68491,-74.15851,NA,2012
4/6/2012,42.53209,-77.41161,NA,2012
4/6/2012,43.37006,-76.37007,NA,2012
4/5/2012,42.10889,-79.1252,NA,2012
4/5/2012,40.71618,-73.20668,NA,2012
4/5/2012,40.89187,-72.93272,Rocky Point NRMA,2012
4/5/2012,40.76078,-72.90547,Fireplace Neck Tidal Wetland Area,2012
4/4/2012,41.93644,-74.85094,NA,2012
4/4/2012,43.1727,-73.38255,NA,2012
4/4/2012,43.50024,-73.77112,NA,2012
4/3/2012,43.63264,-75.33109,NA,2012
4/3/2012,42.98553,-73.33473,NA,2012
4/2/2012,40.94242,-72.94527,Rocky Point NRMA,2012
4/2/2012,43.15085,-76.05704,Cicero Swamp,2012
3/30/2012,42.64513,-75.97382,Taylor Valley SF,2012
3/30/2012,40.90264,-72.81381,Peconic Headwaters NRMA,2012
3/27/2012,42.10934,-74.06121,Indian Head Wilderness Area,2012
3/27/2012,42.39315,-78.09391,NA,2012
3/27/2012,42.89904,-73.57422,NA,2012
3/27/2012,43.54915,-75.31107,NA,2012
3/27/2012,43.00891,-73.28134,NA,2012
3/26/2012,42.61776,-73.52402,NA,2012
3/24/2012,41.80382,-74.25436,NA,2012
3/24/2012,43.17506,-73.64461,N/A,2012
3/22/2012,44.90533,-74.62209,NA,2012
3/23/2012,42.95995,-77.68398,Rush Oak Openings Unique Area,2012
3/22/2012,40.89959,-72.93972,Rocky Point Natural Resource Area,2012
3/22/2012,43.00147,-74.94072,NA,2012
3/22/2012,44.20135,-73.81138,NA,2012
3/22/2012,43.14001,-73.3254,NA,2012
3/21/2012,42.43011,-78.48606,NA,2012
3/21/2012,42.28611,-75.69669,NA,2012
3/20/2012,42.98288,-73.64295,Saratoga National Park,2012
3/18/2012,42.74356,-74.44206,NA,2012
3/18/2012,42.30771,-78.68389,NA,2012
3/15/2012,42.98288,-73.64295,Saratoga National Park,2012
3/13/2012,42.2159,-77.95211,Plumbottom State Forret,2012
3/11/2012,42.99346,-73.27232,NA,2012
3/8/2012,42.71622,-74.5456,NA,2012
3/6/2012,41.31506,-74.27122,NA,2012
2/22/2012,41.31542,-73.97388,East Hudson Highlands,2012
2/22/2012,42.04847,-77.24856,NA,2012
2/13/2012,42.05252,-74.05642,NA,2012
2/13/2012,44.80618,-74.38951,NA,2012
2/9/2012,41.81042,-74.42038,NA,2012
2/9/2012,43.17849,-73.42955,NA,2012
2/6/2012,42.9761,-73.45305,NA,2012
2/4/2012,40.89684,-72.93099,Rocky Point Natural Resource,2012
1/31/2012,40.8716,-72.9325,NA,2012
11/27/2011,42.58485,-77.36777,NA,2011
11/26/2011,42.41103,-78.38035,NA,2011
10/11/2011,42.71779,-73.87903,Albany Pine Bush Preserve,2011
11/13/2011,42.74107,-77.59102,NA,2011
11/13/2011,42.76632,-77.39394,NA,2011
11/9/2011,44.36118,-75.08774,DeGrasse State Forest,2011
11/10/2011,44.89777,-73.87759,N/A,2011
11/8/2011,42.38616,-76.73739,NA,2011
11/6/2011,43.45527,-76.11832,N/A,2011
11/5/2011,42.66023,-75.97634,NA,2011
10/12/2011,44.03449,-75.41866,Croghan Diana SF Complex,2011
8/24/2011,43.98,-74.66,William C Whitney Wilderness,2011
8/12/2011,43.6727,-74.231,Siamese WA,2011
8/7/2011,44.14515,-73.73608,Giant Mt WA,2011
8/5/2011,44.31266,-74.1755,Saranac Lake WF,2011
8/2/2011,43.31139,-74.59461,Ferris Lake Wild Forest,2011
8/1/2011,44.31926,-74.35778,Saranac Lake Wild Forest,2011
7/28/2011,44.30274,-74.172,Saranac Lake WF,2011
7/28/2011,43.46994,-73.68828,NA,2011
7/28/2011,43.5307,-73.7232,NA,2011
7/27/2011,44.34857,-74.3577,Saranac Lakes WF,2011
7/26/2011,43.24651,-74.54375,Ferris Lake WF,2011
7/23/2011,43.71411,-73.80846,NA,2011
7/20/2011,44.3218,-74.34497,Saranac Lakes WF,2011
7/17/2011,42.00019,-74.19032,NA,2011
7/18/2011,40.76873,-73.3,NA,2011
7/17/2011,43.31491,-73.71886,NA,2011
7/11/2011,43.5384,-73.5654,Lake George Wild Forest,2011
7/7/2011,43.4167,-74.4167,Silver Lake Wilderness Area,2011
7/4/2011,44.33619,-74.15034,Saranac Lake,2011
6/1/2011,41.66981,-74.35787,Sams Point Preserve - TNC,2011
6/8/2011,43.30897,-73.91101,NA,2011
6/4/2011,40.88027,-72.91045,NA,2011
6/8/2011,43.62264,-73.57568,Lake George Wild Forest,2011
6/8/2011,42.7473,-73.32592,NYSDOT RT7 Corridor,2011
6/7/2011,42.71844,-73.88174,NA,2011
6/1/2011,40.91541,-72.95711,Rocky Point NRMA,2011
6/1/2011,44.8624,-74.30011,NA,2011
6/1/2011,43.8333,-73.5,NA,2011
5/28/2011,40.90994,-72.95983,NA,2011
5/25/2011,40.91327,-72.94855,ROCKY POINT NRMA,2011
5/12/2011,44.15741,-74.90037,NA,2011
5/11/2011,43.53905,-73.75047,NA,2011
5/2/2011,40.9034,-72.935,Rocky Point Natural Resource,2011
4/29/2011,40.90337,-72.82302,Peconic Headwaters NRMA,2011
4/22/2011,42.3437,-75.86086,NA,2011
4/18/2011,40.89913,-72.82517,Peconic Headwaters NRMA,2011
4/15/2011,42.19307,-77.37601,Cameron Mills SF,2011
4/12/2011,43.28545,-77.66774,Braddock Bay WMA,2011
4/11/2011,42.71655,-74.2616,NA,2011
4/9/2011,43.28349,-76.23518,NA,2011
4/8/2011,42.585,-73.52407,NA,2011
4/1/2011,40.89369,-72.94054,100 yards south of Rocky Point NRMA,2011
3/30/2011,41.38477,-74.6956,NA,2011
3/30/2011,42.84277,-73.36827,Tibbitts State Forest,2011
3/30/2011,41.05315,-72.30688,NA,2011
12/20/2010,40.5517,-74.19153,NA,2010
12/9/2010,40.57258,-74.15407,NA,2010
12/7/2010,40.51699,-74.22253,North Mt Loretto Woods,2010
11/13/2010,40.58642,-74.07705,NA,2010
11/12/2010,40.55386,-74.11288,NA,2010
9/23/2010,42.72548,-73.54169,NA,2010
9/20/2010,42.11256,-73.50067,Taconic State Park,2010
9/18/2010,42.02684,-74.35792,Slide Mountain WA,2010
9/15/2010,43.53291,-73.61046,Lake George Wild Forest,2010
9/8/2010,40.54853,-74.12595,NA,2010
9/8/2010,40.55828,-74.18593,NA,2010
9/11/2010,43.38719,-73.85266,NA,2010
9/7/2010,42.26134,-77.46185,NA,2010
9/6/2010,43.65998,-74.34907,Siemese Pond Wilderness Area,2010
9/5/2010,43.72168,-74.25681,NA,2010
9/4/2010,43.71831,-73.44247,NA,2010
9/4/2010,43.5463,-73.58856,Lake George WF,2010
8/28/2010,44.28971,-74.16888,Saranac Lake WF,2010
8/27/2010,43.34963,-73.70554,NA,2010
8/15/2010,43.76984,-74.67978,Moose River Plains,2010
8/20/2010,43.78906,-74.8478,Fulton Chain WF,2010
8/20/2010,43.83,-75.383,NA,2010
8/19/2010,44.29655,-74.22218,Saranac Lake Wild Forest,2010
8/18/2010,44.31321,-74.35122,Saranac Lake WF,2010
8/18/2010,44.35,-75.69,NA,2010
8/16/2010,43.85724,-74.46579,NA,2010
8/18/2010,44.14481,-73.73677,Giant Mt Wilderness,2010
8/17/2010,40.51719,-74.22615,North Mount Lorreto Woods,2010
8/13/2010,43.82011,-75.38294,Indian Pipe SF-Lewis 24,2010
8/13/2010,41.41838,-73.86311,NA,2010
8/10/2010,40.89277,-72.93268,Rocky Point NRMA,2010
8/10/2010,42.37929,-77.2044,NA,2010
8/5/2010,41.18722,-74.19211,NA,2010
8/7/2010,41.74672,-74.49549,NA,2010
8/6/2010,41.56239,-73.69474,Federal Property,2010
8/6/2010,43.49458,-73.58739,Lake George WF,2010
8/6/2010,43.88391,-73.69925,NA,2010
8/6/2010,43.55564,-73.61309,Lake George WF,2010
8/5/2010,41.48094,-74.19985,Stewart State Forest,2010
8/4/2010,41.46965,-73.97302,hudson highlands,2010
8/3/2010,40.91767,-72.85215,Panamoka State Land,2010
7/27/2010,40.90971,-72.92036,Rocky Point NRMA,2010
7/23/2010,40.8772,-72.65916,David A. Sarnoff,2010
7/18/2010,40.78796,-73.2951,Edgewood Preserve,2010
7/9/2010,40.91182,-72.72586,Peconic Headwaters,2010
7/6/2010,40.8916,-72.9311,East of Rocky Point NRMA,2010
7/9/2010,43.7022,-75.28527,Independence,2010
7/8/2010,43.53429,-73.61854,Lake George Wild Forest,2010
7/7/2010,41.37544,-74.65822,Huckleberry Ridge State Forest,2010
7/5/2010,41.38072,-74.69023,NA,2010
7/6/2010,40.78796,-73.2951,Oak Brush Plains Preserve,2010
7/5/2010,40.90028,-72.87693,NA,2010
7/4/2010,40.84796,-72.85703,N/A,2010
7/3/2010,42.05937,-73.99382,NA,2010
6/27/2010,40.89415,-72.9324,Rocky Point NRMA,2010
6/25/2010,42.17257,-77.10052,Erwin Hollow State Forest,2010
5/31/2010,43.7029,-73.81622,NA,2010
5/31/2010,43.64395,-73.9877,NA,2010
5/31/2010,43.8756,-73.5986,Pharaoh Lake Wilderness Area,2010
5/31/2010,44.71654,-74.27939,NA,2010
5/30/2010,44.21828,-74.41554,NA,2010
5/29/2010,43.3275,-73.75504,NA,2010
5/25/2010,42.72283,-77.36066,NA,2010
5/28/2010,44.95252,-73.75005,Flat Rock State Forest,2010
5/28/2010,43.20646,-73.80675,NA,2010
5/28/2010,43.50173,-74.38792,NA,2010
5/27/2010,44.43484,-73.43009,NA,2010
5/27/2010,43.625,-73.93666,NA,2010
5/27/2010,43.74083,-73.7584,NA,2010
5/24/2010,43.85424,-74.42326,NA,2010
5/22/2010,43.58969,-76.19775,Deer Creek Marsh WMA,2010
5/9/2010,40.80415,-73.42844,NA,2010
5/1/2010,42.52033,-79.01685,NA,2010
5/7/2010,42.15966,-78.7099,NA,2010
5/7/2010,43.2979,-73.68132,NA,2010
5/7/2010,42.3484,-73.48078,NA,2010
5/5/2010,42.72966,-73.88109,Albany Pine Bush Preserve,2010
5/4/2010,42.11549,-76.9952,NA,2010
5/1/2010,42.1195,-77.87126,NA,2010
5/1/2010,43.43922,-73.66876,NA,2010
4/29/2010,41.62565,-74.93143,NA,2010
4/30/2010,40.90351,-72.81725,Peconic Headwaters NRMA,2010
4/29/2010,42.67783,-77.51832,NA,2010
3/19/2010,42.2791,-77.27537,NA,2010
4/22/2010,40.88966,-72.7456,Peconic Headwaters,2010
4/24/2010,43.41599,-76.39646,NA,2010
4/23/2010,42.04029,-78.07925,NA,2010
4/23/2010,42.27558,-76.74649,NA,2010
4/23/2010,43.71217,-73.79658,NA,2010
4/23/2010,42.73902,-73.88111,NA,2010
4/22/2010,42.46556,-73.68323,NA,2010
4/21/2010,41.60303,-74.51185,NA,2010
4/22/2010,40.89817,-72.91782,Rocky Point NRMA,2010
4/22/2010,41.75157,-74.17148,NA,2010
4/22/2010,42.49878,-77.68909,NA,2010
4/14/2010,43.42723,-73.58413,n/a,2010
4/22/2010,40.90304,-72.82721,Otis Pike Preserve,2010
4/20/2010,42.73983,-73.88666,Albany Pine Bush Preserve,2010
4/20/2010,42.51453,-73.90535,NA,2010
4/20/2010,43.32372,-76.31586,NA,2010
4/20/2010,43.13906,-74.64484,NA,2010
4/19/2010,40.54743,-74.12862,NA,2010
4/15/2010,42.88498,-73.6008,NA,2010
4/14/2010,42.62834,-74.41224,NA,2010
4/14/2010,42.18905,-77.05019,NA,2010
4/14/2010,42.18339,-77.06007,NA,2010
4/12/2010,41.4331,-74.73611,NA,2010
4/12/2010,42.53432,-77.22488,NA,2010
4/11/2010,43.33011,-76.23492,NA,2010
4/3/2010,43.38542,-76.33746,NA,2010
4/8/2010,42.19714,-77.25845,NA,2010
4/7/2010,41.98893,-73.67809,NA,2010
4/8/2010,42.38221,-75.80449,NA,2010
3/10/2010,40.55051,-74.12715,NA,2010
4/7/2010,41.4723,-73.56286,NA,2010
4/7/2010,40.88141,-72.91068,NA,2010
4/7/2010,40.76759,-73.30741,Edgewood Oak Brush Plains,2010
4/7/2010,43.10032,-73.27389,NA,2010
4/3/2010,43.2446,-76.05805,Three Mile Bay WMA,2010
3/19/2010,42.20996,-78.06442,NA,2010
4/5/2010,43.361,-75.361,Buck Hill State Forest,2010
4/5/2010,41.67835,-73.70522,NA,2010
4/5/2010,42.31228,-78.30477,NA,2010
4/5/2010,42.10345,-73.96549,NA,2010
4/5/2010,42.76548,-73.54723,NA,2010
4/5/2010,44.92706,-74.63982,NA,2010
4/4/2010,42.124,-74.9258,NA,2010
4/3/2010,42.36005,-76.60572,NA,2010
4/2/2010,42.21492,-74.45047,NA,2010
4/4/2010,42.73727,-73.88625,Pine Bush,2010
4/4/2010,41.68995,-75.04505,NA,2010
4/4/2010,42.68028,-73.58607,NA,2010
4/3/2010,41.43132,-73.96798,Hudson Highlands,2010
4/4/2010,42.70455,-77.36256,NA,2010
4/4/2010,42.97229,-76.77024,NA,2010
4/1/2010,42.8774,-77.60666,NA,2010
4/3/2010,42.30598,-77.94317,NA,2010
4/3/2010,42.24769,-77.77982,NA,2010
4/3/2010,43.8076,-74.61094,Blue Ridge wilderness,2010
4/3/2010,42.12647,-77.41537,NA,2010
4/3/2010,42.26226,-75.66303,NA,2010
4/2/2010,42.45989,-79.1705,NA,2010
4/2/2010,42.25019,-79.26797,NA,2010
4/2/2010,41.95569,-73.69683,NA,2010
4/2/2010,42.86921,-73.31597,NA,2010
4/2/2010,42.499,-74.53526,NA,2010
4/2/2010,42.57288,-77.69028,NA,2010
4/2/2010,43.15123,-76.06107,Cicero swamp,2010
4/2/2010,42.2126,-78.02097,NA,2010
4/2/2010,42.27028,-78.73469,NA,2010
4/2/2010,43.969,-75.344,NA,2010
4/1/2010,42.4811,-77.33912,NA,2010
4/1/2010,42.46813,-77.48821,NA,2010
3/18/2010,42.04017,-76.43354,NA,2010
3/27/2010,40.7856,-73.30039,Oak Brush Plains at Edgewood Preserve,2010
3/28/2010,42.40117,-75.83867,Long Pond SF,2010
3/28/2010,43.36948,-76.11039,NA,2010
3/25/2010,40.92917,-72.94083,Rocky Point NRMA,2010
3/21/2010,42.98529,-74.98781,NA,2010
3/20/2010,42.54874,-73.59634,NA,2010
3/20/2010,42.82425,-73.65173,NA,2010
3/18/2010,40.90385,-72.82078,Peconic Headwaters NRMA,2010
3/18/2010,42.66617,-75.5216,NA,2010
3/17/2010,42.41724,-76.07043,NA,2010
10/25/2009,40.90302,-72.81399,Peconic Headwaters NRMA,2009
11/4/2009,42.74745,-73.90662,NA,2009
11/18/2009,42.50797,-74.39016,Keyser KIll SF,2009
11/16/2009,42.09944,-76.15743,NA,2009
11/12/2009,41.50474,-73.88337,NA,2009
11/15/2009,43.89327,-75.98023,NA,2009
11/13/2009,43.5007,-73.58818,NA,2009
11/13/2009,42.23167,-75.66767,NA,2009
11/11/2009,43.41627,-73.87677,Lake George WF,2009
11/11/2009,42.009,-74.12537,NA,2009
9/24/2009,43.25143,-73.81087,NA,2009
9/3/2009,44.19333,-74.20578,NA,2009
6/26/2009,44.18567,-74.20424,NA,2009
7/15/2009,42.71394,-73.87236,Albany Pine Bush/ Friendly,2009
6/17/2009,43.47076,-74.251,jessup river,2009
6/8/2009,42.77785,-76.0011,Morgan Hill SF,2009
6/6/2009,42.71394,-73.87236,Albany Pine Bush Preserve,2009
6/5/2009,42.71361,-73.8613,Pine Bush,2009
4/17/2009,41.72756,-74.4771,NA,2009
5/26/2009,43.49451,-73.78062,NA,2009
5/25/2009,44.68264,-73.53095,NA,2009
5/24/2009,43.41477,-73.71262,Lake George WF,2009
5/25/2009,43.57832,-73.61098,Lake George WF,2009
5/24/2009,44.42783,-73.67585,NA,2009
5/23/2009,44.279,-74.0304,NA,2009
5/23/2009,42.4709,-78.93035,na,2009
5/22/2009,42.79092,-73.35966,NA,2009
5/20/2009,40.89288,-72.94101,NA,2009
5/21/2009,42.51347,-74.91406,NA,2009
5/19/2009,42.01004,-79.37993,N/A,2009
5/13/2009,40.90904,-72.94544,Rocky Point Natural Resources Mgt,2009
5/12/2009,40.90366,-72.82103,Peconic River Headwaters (OTIS,2009
4/18/2009,41.71397,-74.47878,NA,2009
5/11/2009,41.05802,-72.30718,NA,2009
5/11/2009,42.73983,-73.88666,Albany Pine Bush Preserve,2009
3/31/2009,40.88761,-73.08299,NA,2009
5/8/2009,42.229,-79.5901,NA,2009
4/18/2009,42.63479,-77.29901,NA,2009
5/4/2009,42.13109,-76.95621,NA,2009
5/1/2009,42.58949,-74.35948,NA,2009
4/28/2009,43.92154,-73.54125,NA,2009
4/30/2009,43.65799,-73.54647,Lake George WF,2009
4/29/2009,42.97609,-74.95641,NA,2009
4/29/2009,42.37566,-73.43182,NA,2009
4/29/2009,43.8806,-74.1168,Vanderwhacker,2009
4/28/2009,43.41527,-73.7068,NA,2009
4/28/2009,42.68142,-73.65188,NA,2009
4/28/2009,43.34029,-73.82723,NA,2009
4/28/2009,42.70626,-74.22851,NA,2009
4/28/2009,42.36795,-77.13367,NA,2009
4/28/2009,44.35793,-73.85891,Wilmington Wild Forest,2009
4/28/2009,42.93581,-73.38827,NA,2009
4/28/2009,42.4899,-74.69642,NA,2009
4/25/2009,42.19291,-73.58419,NA,2009
4/25/2009,42.25591,-73.54078,NA,2009
4/27/2009,43.89615,-73.5298,NA,2009
4/27/2009,42.22746,-79.30994,NA,2009
4/27/2009,42.18931,-77.19393,NA,2009
4/26/2009,42.26986,-76.60585,NA,2009
4/27/2009,43.24541,-76.36771,NA,2009
4/27/2009,40.89798,-72.94032,Rocky Point NRMA,2009
4/27/2009,42.5179,-75.64685,NA,2009
4/26/2009,41.93421,-73.75492,NA,2009
4/26/2009,42.36193,-78.93476,na,2009
4/25/2009,44.81226,-74.39616,NA,2009
4/25/2009,42.38635,-77.13212,NA,2009
4/25/2009,42.74632,-75.46331,NA,2009
4/25/2009,42.76479,-73.5321,NA,2009
4/25/2009,42.13209,-78.03224,NA,2009
4/25/2009,42.66228,-75.67626,NA,2009
4/25/2009,41.89584,-74.42242,Sundown Wild Forest,2009
4/25/2009,41.68395,-74.52388,NA,2009
4/24/2009,43.00808,-74.86003,NA,2009
4/24/2009,42.02568,-75.5826,NA,2009
4/24/2009,42.70919,-75.32825,NA,2009
4/24/2009,44.7375,-73.51289,NA,2009
4/24/2009,42.39259,-77.78594,NA,2009
4/24/2009,42.21707,-78.42793,na,2009
4/18/2009,42.25571,-75.46,NA,2009
4/17/2009,42.679,-76.398,NA,2009
4/19/2009,41.2775,-74.333,NA,2009
4/18/2009,41.46243,-74.555,Appalachian Trail Corridor,2009
4/19/2009,40.9118,-72.85362,Brrokhaven State Park,2009
4/18/2009,41.59,-74.45,Wurtsboro Ridge State Forest,2009
4/19/2009,42.49202,-75.85715,NA,2009
4/19/2009,40.91618,-72.85063,Panamoka,2009
4/18/2009,40.88869,-72.7926,NA,2009
4/12/2009,40.55125,-74.11211,NA,2009
4/18/2009,42.2047,-77.94734,NA,2009
4/18/2009,42.69485,-75.64006,NA,2009
4/18/2009,42.17671,-77.5918,NA,2009
4/17/2009,43.48499,-73.56033,NA,2009
4/17/2009,43.2746,-76.06879,Three Mile Bay,2009
4/17/2009,42.58878,-75.58778,NA,2009
4/17/2009,42.61414,-75.82792,NA,2009
4/17/2009,40.84601,-72.94763,NA,2009
4/17/2009,42.61189,-75.43998,NA,2009
4/17/2009,42.25867,-77.7776,NA,2009
4/17/2009,44.31999,-73.35864,NA,2009
4/17/2009,42.68228,-74.23934,NA,2009
4/17/2009,42.51196,-74.853,South Hill State Forest,2009
4/17/2009,42.22717,-75.43344,Melondy Hill State Forest,2009
4/17/2009,42.13472,-74.90557,NA,2009
4/17/2009,43.68286,-73.8766,NA,2009
4/17/2009,42.4656,-77.48768,NA,2009
4/17/2009,42.88264,-75.58146,NA,2009
4/17/2009,42.9239,-75.77791,Neslon Swamp,2009
4/17/2009,42.17853,-76.96166,NA,2009
4/17/2009,42.53,-76.22,NA,2009
4/17/2009,43.47705,-73.73106,NA,2009
4/16/2009,43.32732,-73.67327,NA,2009
4/16/2009,43.34274,-73.69615,NA,2009
4/17/2009,42.95294,-73.41278,NA,2009
4/15/2009,41.77509,-74.50737,NA,2009
4/16/2009,43.33669,-74.98182,NA,2009
4/16/2009,42.10665,-76.79263,NA,2009
4/16/2009,42.09018,-77.28675,NA,2009
4/16/2009,42.80061,-75.47563,NA,2009
4/16/2009,42.39651,-77.83693,NA,2009
4/16/2009,42.38066,-77.65697,N/a,2009
4/16/2009,43.44432,-73.55633,NA,2009
4/15/2009,43.06639,-74.86419,NA,2009
4/15/2009,40.767,-72.5655,NA,2009
4/15/2009,43.84299,-75.53939,NA,2009
4/15/2009,44.913,-74.5579,NA,2009
4/15/2009,42.26617,-73.54728,NA,2009
4/15/2009,44.79337,-73.56654,NA,2009
4/13/2009,41.62831,-74.47569,NA,2009
4/14/2009,42.51712,-75.53111,NA,2009
4/14/2009,44.20874,-75.30085,Toothaker Creek SF,2009
4/13/2009,41.74469,-74.28346,NA,2009
4/13/2009,42.07581,-75.74542,NA,2009
4/13/2009,44.41171,-73.63558,NA,2009
4/9/2009,41.48183,-73.94367,NA,2009
4/9/2009,42.00087,-77.02112,NA,2009
4/2/2009,42.01349,-76.03764,NA,2009
4/2/2009,42.51678,-74.25832,NA,2009
4/2/2009,42.36139,-74.22161,NA,2009
4/2/2009,42.19,-77.37833,Cameron Mills,2009
3/27/2009,42.60373,-74.47229,NA,2009
3/21/2009,43.356,-73.675,NA,2009
3/27/2009,42.85569,-73.58863,NA,2009
3/28/2009,42.55808,-75.62853,NA,2009
3/21/2009,44.96683,-74.57083,NA,2009
3/25/2009,42.31314,-76.05565,NA,2009
3/25/2009,43.27894,-76.27267,NA,2009
3/25/2009,42.53028,-76.7685,NA,2009
3/25/2009,41.64735,-74.37456,NA,2009
3/25/2009,42.61397,-77.2849,NA,2009
3/25/2009,42.21478,-77.72074,NA,2009
3/25/2009,41.74129,-74.75206,NA,2009
3/25/2009,42.67848,-75.71955,NA,2009
3/25/2009,41.6945,-74.701,NA,2009
3/25/2009,41.69164,-74.90998,NA,2009
3/24/2009,41.3671,-73.94412,Castle Rock,2009
3/24/2009,41.67752,-74.60662,N/A,2009
3/24/2009,41.76924,-73.70797,NA,2009
3/24/2009,42.96166,-77.68,Rush Oak Openings,2009
3/21/2009,42.96166,-77.68,Rush Oak Openings,2009
3/23/2009,41.68249,-73.79105,James Baird SP,2009
3/23/2009,42.40523,-74.02503,NA,2009
3/22/2009,40.9074,-72.75955,peconic Headwaters nma,2009
3/14/2009,42.41743,-74.00902,NA,2009
3/21/2009,42.57087,-74.64881,NA,2009
3/21/2009,42.51823,-74.31581,NA,2009
3/22/2009,44.24897,-73.39499,NA,2009
3/20/2009,42.06589,-77.19947,NA,2009
3/19/2009,42.17619,-77.23384,NA,2009
3/17/2009,42.36414,-78.67726,East Otto State Forest,2009
3/17/2009,44.5136,-73.76744,NA,2009
3/16/2009,42.08418,-77.22867,NA,2009
3/16/2009,44.82655,-74.32146,NA,2009
3/15/2009,43.10929,-73.3917,NA,2009
11/22/2008,43.40753,-73.62822,na,2008
11/4/2008,42.17687,-77.10489,Erwin Hollow,2008
10/30/2008,40.8974,-72.82392,Ottis Pike Preserve,2008
10/20/2008,41.41201,-73.74027,NA,2008
10/13/2008,42.70834,-75.69164,NA,2008
10/13/2008,42.6967,-75.66524,Beaver Meadow SF,2008
10/13/2008,42.70475,-75.65232,Beaver Meadow SF,2008
9/25/2008,42.12181,-75.53826,Marsh Pond,2008
9/25/2008,43.19616,-76.31803,three rivers,2008
9/5/2008,44.30153,-73.94166,Saranac Lake Wild Forest,2008
9/5/2008,44.43056,-74.2391,Paul Smiths College,2008
9/3/2008,40.94606,-72.71281,David A. Sarnoff Preserve,2008
9/1/2008,44.32685,-74.40926,Saranac Lake WF,2008
8/17/2008,43.81676,-74.88088,Fulton Chain,2008
8/4/2008,43.77605,-73.79886,N/A,2008
7/13/2008,40.92173,-72.9287,Rocky Point MRMA,2008
7/19/2008,40.76769,-73.30495,Edgewood Oakbrush Plains,2008
7/12/2008,43.60617,-74.3915,Indian Lake,2008
7/10/2008,43.9188,-73.43418,N/A,2008
7/7/2008,44.14081,-73.42136,Lake Champlain Islands,2008
7/7/2008,43.53794,-75.90251,Hall Island SF,2008
7/6/2008,43.27086,-74.92014,NA,2008
7/6/2008,43.2879,-76.3707,NA,2008
6/30/2008,44.18706,-73.75913,Giant Mtn Wilderness,2008
6/10/2008,43.7939,-75.34149,NA,2008
6/13/2008,43.1358,-73.3119,NA,2008
6/12/2008,43.3426,-74.18443,Wilcox Lake WF,2008
6/13/2008,44.16575,-73.96933,High Peaks,2008
5/28/2008,43.85512,-75.22898,NA,2008
6/2/2008,43.70963,-74.34781,West Canada Wilderness,2008
6/2/2008,43.64521,-73.86786,Lake George WF,2008
5/30/2008,43.62932,-74.29859,Siamese Pond WMA,2008
5/25/2008,42.58975,-75.63773,NA,2008
5/29/2008,43.98944,-73.51523,N/A,2008
5/29/2008,42.34177,-74.19024,NA,2008
5/29/2008,43.84792,-73.76302,N/A,2008
5/24/2008,43.49718,-74.40581,Jessup River Wild Forest,2008
5/26/2008,43.32325,-73.75605,NA,2008
5/18/2008,44.6876,-74.51088,NA,2008
5/17/2008,43.3427,-73.67812,NA,2008
5/17/2008,43.505,-74.026,NA,2008
5/14/2008,44.3242,-74.1199,NA,2008
5/14/2008,42.74498,-73.3087,NA,2008
5/13/2008,43.91305,-74.23172,NA,2008
5/13/2008,44.92331,-74.12402,N/A,2008
5/13/2008,42.73984,-73.88666,Albany Pine Bush Preserve,2008
5/11/2008,43.78337,-74.30392,N/A,2008
5/11/2008,42.17352,-74.71096,NA,2008
5/9/2008,42.96098,-77.67648,Rush Oak Openings Unique Area,2008
5/7/2008,43.18075,-74.50472,Shaker Mt. Wild Forest,2008
5/7/2008,41.51923,-74.50189,N/A,2008
5/6/2008,40.93067,-72.94668,Rocky Point,2008
5/6/2008,44.82258,-74.59423,NA,2008
5/6/2008,42.73718,-73.88566,Albany Pine Bush Preserve,2008
5/2/2008,42.131,-76.95612,NA,2008
5/1/2008,42.21542,-77.40609,Cameron State Forest,2008
4/25/2008,42.34401,-77.06838,n/a,2008
4/27/2008,42.70133,-77.486,NA,2008
4/26/2008,43.29631,-74.05537,N/A,2008
4/26/2008,41.75745,-74.42621,NA,2008
4/26/2008,43.2749,-75.87313,N/A,2008
4/26/2008,43.59282,-73.80359,NA,2008
4/25/2008,43.29658,-73.81903,NA,2008
4/25/2008,43.18354,-73.3266,NA,2008
4/25/2008,43.72836,-74.08485,NA,2008
4/25/2008,42.11896,-75.75542,NA,2008
4/25/2008,42.2575,-73.53505,NA,2008
4/25/2008,42.19705,-77.62915,NA,2008
4/25/2008,42.43429,-77.23401,NA,2008
4/25/2008,43.24131,-76.231,NA,2008
4/25/2008,43.28906,-73.27338,NA,2008
4/24/2008,42.67802,-77.30894,NA,2008
4/24/2008,42.17285,-73.5549,NA,2008
4/24/2008,41.28785,-74.01515,Pallasades State Park,2008
4/24/2008,41.57579,-74.56731,NA,2008
4/24/2008,41.68054,-74.56853,NA,2008
4/24/2008,42.25405,-78.0732,NA,2008
4/24/2008,43.02092,-74.76579,N/A,2008
4/24/2008,43.97878,-74.42514,N/A,2008
4/24/2008,42.27087,-77.9755,n/a,2008
4/24/2008,42.19168,-78.60632,n/a,2008
4/23/2008,40.78811,-73.2904,Edgewood Oak Brush Plains,2008
4/23/2008,41.77179,-73.51752,NA,2008
4/23/2008,42.16171,-74.56877,NA,2008
4/19/2008,42.02263,-79.36703,Wellman State Forest,2008
4/22/2008,43.07065,-73.31206,N/A,2008
4/22/2008,42.59094,-77.47504,NA,2008
4/22/2008,43.41745,-73.31963,N/A,2008
4/22/2008,42.21913,-78.33012,NA,2008
4/22/2008,42.24309,-78.85373,NA,2008
4/21/2008,43.155,-73.572,NA,2008
4/21/2008,43.5462,-73.32587,N/A,2008
4/21/2008,44.3838,-73.45249,N/A,2008
4/17/2008,42.51717,-74.2568,NA,2008
4/19/2008,43.73903,-75.46789,NA,2008
4/20/2008,43.08481,-74.05688,NA,2008
4/20/2008,43.00087,-75.03466,NA,2008
4/20/2008,42.19783,-77.23644,NA,2008
4/20/2008,43.4695,-75.96191,NA,2008
4/20/2008,42.20173,-75.45123,Melondy,2008
4/20/2008,43.28134,-73.44244,N/A,2008
4/19/2008,42.59156,-77.3906,NA,2008
4/19/2008,42.53802,-77.3678,N/A,2008
4/19/2008,43.95606,-75.54649,NA,2008
4/19/2008,43.78411,-75.35442,NA,2008
4/19/2008,43.68312,-75.29166,N/A,2008
4/19/2008,43.91376,-75.36392,N/A,2008
4/19/2008,42.26711,-77.99494,N/A,2008
4/19/2008,42.33228,-78.83565,N/A,2008
4/19/2008,42.86858,-73.72295,NA,2008
4/19/2008,42.17794,-76.79268,N?A,2008
4/19/2008,41.5764,-74.45658,N/A,2008
4/19/2008,42.42556,-76.5499,N/A,2008
4/19/2008,44.05972,-73.78204,NA,2008
4/19/2008,42.22999,-77.4257,N/A,2008
4/19/2008,43.76205,-75.51869,N/A,2008
4/19/2008,43.0251,-73.2988,N/A,2008
4/16/2008,42.9471,-76.05934,N/A,2008
4/18/2008,40.76797,-73.30386,Edgewood Oak Brush Plains,2008
4/18/2008,43.60688,-75.16643,NA,2008
4/18/2008,42.26319,-76.95427,N/A,2008
4/18/2008,41.72495,-73.73302,NA,2008
4/17/2008,43.23385,-73.36513,N/A,2008
4/17/2008,41.74686,-74.26252,Minnewaska State Park,2008
4/17/2008,42.57632,-77.3535,N/A,2008
4/17/2008,42.45524,-75.81391,N/A,2008
4/17/2008,42.48565,-78.50918,N/A,2008
4/17/2008,42.21637,-77.98818,N/A,2008
4/17/2008,42.45084,-77.48978,NA,2008
4/9/2008,42.3806,-77.28628,NA,2008
4/17/2008,41.53646,-75.02141,N/A,2008
4/17/2008,42.25562,-74.02468,N/A,2008
4/17/2008,42.7238,-74.42277,N/A,2008
4/17/2008,44.29626,-73.307,NA,2008
4/17/2008,42.70596,-75.74619,NA,2008
4/16/2008,44.2041,-73.78413,NA,2008
4/17/2008,42.4877,-74.13807,NA,2008
4/17/2008,41.75745,-74.42621,NA,2008
4/17/2008,42.22636,-75.62361,NA,2008
4/17/2008,42.16352,-78.33904,NA,2008
4/17/2008,43.83511,-75.29823,NA,2008
4/16/2008,42.15,-78.25433,NA,2008
4/16/2008,42.5651,-73.77813,NA,2008
4/16/2008,42.21115,-77.0544,N/A,2008
4/16/2008,40.90341,-72.92848,Rocky Point Natural Resource MA,2008
4/16/2008,42.3624,-77.65549,N/A,2008
4/16/2008,42.22297,-75.97687,NA,2008
4/16/2008,43.06262,-74.11146,NA,2008
4/16/2008,41.61077,-74.03539,NA,2008
4/15/2008,41.73852,-73.57947,NA,2008
4/15/2008,42.39685,-77.64312,NA,2008
4/15/2008,42.22268,-75.50429,N/A,2008
4/15/2008,43.0471,-74.40559,Peck Hill State Forest,2008
4/15/2008,42.40801,-77.96034,NA,2008
4/15/2008,40.78199,-72.88954,N/A,2008
4/15/2008,42.39875,-75.46461,NA,2008
4/15/2008,42.09781,-75.43599,NA,2008
4/15/2008,42.17623,-74.02845,NA,2008
4/9/2008,42.18219,-77.90907,NA,2008
4/10/2008,41.87569,-74.16829,NA,2008
4/9/2008,42.33623,-73.8502,NA,2008
4/9/2008,42.38189,-75.37085,NA,2008
4/9/2008,41.87569,-74.16829,NA,2008
4/9/2008,41.97197,-73.7459,LaFayetteville MUA,2008
4/7/2008,42.7158,-73.87235,Albany Pine Bush Preserve,2008
4/3/2008,42.73785,-77.34983,NA,2008
4/3/2008,40.90304,-72.8238,Peconic River HWNRMA,2008
3/25/2008,42.14286,-73.5576,NA,2008
3/25/2008,40.86325,-72.7241,Eastport Conservation Area,2008
3/24/2008,42.697,-74.257,NA,2008
3/22/2008,40.90167,-72.82158,Peconic River HWNRMA,2008
3/22/2008,40.9021,-72.82048,Peconic River HWNRMA,2008
3/22/2008,42.65,-74.32,NA,2008
3/18/2008,40.888,-72.818,Peconic River HWNRMA,2008
3/18/2008,40.902,-72.802,Peconic River HWNRMA,2008
1/21/2008,40.7851,-73.29247,Oak Brush Plains Preserve,2008
